post_id,user_id,caption,post_reference,deleted_at,created_at,updated_at,post_type,post_status,processed_categories,processed_subcategories
23,743,Fighter with gear in picture,,,2024-08-08 06:13:01,2024-11-11 13:43:13,post,public,"artsandculture,businessandentrepreneurship","culturalfestivals,leadershipandmentoring"
24,743,New post,,,2024-08-08 06:14:04,2024-11-11 13:43:16,post,public,"businessandentrepreneurship,creativeartsandcrafts","investmentandventurecapital,jewelrymaking"
116,78,Gopaddi is coming soon...,community,,2024-08-15 11:11:36,2024-11-11 13:43:18,post,public,businessandentrepreneurship,investmentandventurecapital
118,78,Gopaddi is coming soon...,community,,2024-08-16 05:32:03,2024-11-11 13:43:21,post,public,businessandentrepreneurship,investmentandventurecapital
119,78,Gopaddi is coming soon...ğŸ¥°,community,,2024-08-16 05:34:00,2024-11-11 13:43:23,post,public,"businessandentrepreneurship,creativeartsandcrafts","investmentandventurecapital,jewelrymaking"
120,78,This is a sample caption,community,,2024-08-16 09:13:38,2024-11-11 13:43:31,post,public,"creativeartsandcrafts,creativewritingandliterature","candlemaking,fictionwriting"
121,78,This is a sample caption,community,,2024-08-16 09:14:35,2024-11-11 13:43:36,post,public,"creativeartsandcrafts,creativewritingandliterature","candlemaking,fictionwriting"
122,78,This is a sample caption,community,,2024-08-16 09:15:28,2024-11-11 13:43:40,post,public,"creativeartsandcrafts,creativewritingandliterature","candlemaking,fictionwriting"
124,722,"Hello, my name is Tofunmi",,,2024-08-17 04:04:32,2024-11-11 13:43:46,post,public,"businessandentrepreneurship,creativeartsandcrafts,creativewritingandliterature","candlemaking,fictionwriting,investmentandventurecapital,jewelrymaking"
125,78,Gopaddi is coming soonğŸ”œ...,community,,2024-08-17 17:07:46,2024-11-11 13:43:49,post,public,creativewritingandliterature,"fictionwriting,poetry"
126,78,Bon JourğŸ˜œ,community,,2024-08-17 17:12:32,2024-11-12 06:20:26,post,public,diyandhomeimprovement,homerenovation
127,78,Feel the beatğŸ¤ğŸ”ŠğŸ•º,community,,2024-08-17 17:17:21,2024-11-12 06:20:29,post,public,"businessandentrepreneurship,creativeartsandcrafts","businessstrategyandmanagement,textilearts"
128,68,This is a sample caption,community,,2024-08-19 13:19:44,2024-11-21 08:50:49,post,public,diyandhomeimprovement,plumbingandelectricalprojects
129,68,This is a sample caption,community,,2024-08-19 13:20:09,2024-11-25 14:56:11,post,public,diyandhomeimprovement,plumbingandelectricalprojects
133,78,"Gopaddi is coming soonğŸ•ºğŸ•º, from Torontoâœˆï¸âœˆï¸",community,,2024-08-20 11:34:26,2024-11-12 06:20:40,post,public,"businessandentrepreneurship,creativeartsandcrafts","businessstrategyandmanagement,jewelrymaking"
134,78,Hello Gopaddi from torotoâœˆï¸,community,,2024-08-20 11:57:17,2024-11-12 06:20:42,post,public,businessandentrepreneurship,leadershipandmentoring
141,743,"Heyyyyyyyyy there, I'm Sam Mashmellow",,,2024-08-21 07:08:21,2024-11-12 06:20:45,post,public,"businessandentrepreneurship,creativeartsandcrafts","investmentandventurecapital,jewelrymaking"
142,743,Heyyy Marshallow,,,2024-08-21 07:23:47,2024-11-12 06:20:48,post,public,"businessandentrepreneurship,creativeartsandcrafts","investmentandventurecapital,jewelrymaking"
144,78,Fresh from Birdview Travels âœˆï¸,community,,2024-08-21 08:53:48,2024-11-12 06:20:51,post,public,"businessandentrepreneurship,familyandparenting","businessnetworking,newparents"
146,78,Coming soon...,community,,2024-08-21 10:32:30,2024-11-28 07:08:48,post,public,businessandentrepreneurship,investmentandventurecapital
147,78,Testing,community,,2024-08-21 10:39:17,2024-11-20 11:19:54,post,public,businessandentrepreneurship,investmentandventurecapital
148,78,ğŸ•º,community,,2024-08-21 10:46:46,2024-11-20 11:19:56,post,public,businessandentrepreneurship,"investmentandventurecapital,smallbusinessowners"
149,78,Interesting,community,,2024-08-21 10:49:44,2024-11-20 11:20:00,post,public,businessandentrepreneurship,investmentandventurecapital
150,78,Sneakers from Thailand,community,,2024-08-21 11:39:24,2024-11-20 11:20:05,post,public,familyandparenting,work-lifebalanceforparents
164,78,This is a sample caption,community,,2024-08-23 12:28:00,2024-11-20 11:20:13,post,public,"creativeartsandcrafts,creativewritingandliterature","candlemaking,fictionwriting"
175,78,This is a sample caption,community,,2024-08-23 14:16:52,2024-11-20 11:20:18,post,public,"creativeartsandcrafts,creativewritingandliterature","candlemaking,fictionwriting"
192,98,This is a sample caption,community,,2024-08-27 06:42:52,2024-11-20 11:20:22,post,public,"creativeartsandcrafts,creativewritingandliterature","candlemaking,fictionwriting"
195,78,This is a sample caption,community,,2024-08-28 06:16:15,2024-11-20 11:20:31,post,public,"creativeartsandcrafts,creativewritingandliterature","candlemaking,fictionwriting"
197,78,This is a sample caption,community,,2024-08-28 06:25:32,2024-11-20 11:20:39,post,public,"creativeartsandcrafts,creativewritingandliterature","candlemaking,fictionwriting"
198,346,Pride of india,community,,2024-08-28 10:15:59,2024-11-20 11:20:48,post,public,"entertainment,familyandparenting","comedy,newparents,singleparenting"
202,78,Monaco is the cocoğŸ¤©,community,,2024-08-29 06:19:32,2024-11-20 11:20:50,post,public,"entertainment,familyandparenting","comedy,newparents,theaterandperformingarts"
207,78,Monco ni coco,community,,2024-08-29 10:08:35,2024-11-20 11:20:57,post,public,"automotiveandvehicles,familyandparenting","newparents,off-roading"
211,142,Exploring web3,community,,2024-08-30 05:54:33,2024-11-20 11:21:07,post,public,"creativeartsandcrafts,creativewritingandliterature","poetry,scrapbooking"
213,584,share flick,community,,2024-09-02 10:26:33,2024-11-20 11:21:18,post,public,"artsandculture,businessandentrepreneurship,creativewritingandliterature,foodanddrink","baking,investmentandventurecapital,literaryanalysis,theaterandperformingarts"
216,142,Joy is comming.,community,,2024-09-02 23:07:47,2024-11-20 11:21:27,post,public,"businessandentrepreneurship,creativeartsandcrafts","businessnetworking,businessstrategyandmanagement,jewelrymaking"
221,534,"New Toronto, Abule egba Branch",community,,2024-09-05 11:48:42,2024-11-20 11:21:29,post,public,"automotiveandvehicles,familyandparenting","newparents,off-roading"
222,534,Adventure of a goner in Seychelles look away,community,,2024-09-05 12:16:16,2024-11-20 11:21:35,post,public,"entertainment,familyandparenting","comedy,newparents,theaterandperformingarts"
223,351,Somewhere in Nigeria,community,,2024-09-05 12:41:57,2024-11-20 11:21:38,post,public,"entertainment,familyandparenting","comedy,newparents,singleparenting,theaterandperformingarts"
224,607,This is a sample caption,community,,2024-09-05 15:35:56,2024-11-20 11:21:47,post,public,"creativeartsandcrafts,creativewritingandliterature","candlemaking,fictionwriting"
225,142,news,community,,2024-09-05 16:47:39,2024-11-20 11:21:50,post,public,creativewritingandliterature,poetry
226,607,This is a sample caption,community,,2024-09-06 03:59:18,2024-11-20 11:21:53,post,public,"creativeartsandcrafts,creativewritingandliterature,diyandhomeimprovement","candlemaking,diyhomedecor,fictionwriting"
732,566,"Thank God it's Friday! Let's wrap up the week strong and keep it clean. Wishing you all a blessed Jummah and a great, happy weekend, from your ever-amiable architect.",community,,2024-09-06 08:27:20,2024-11-20 11:21:55,post,public,familyandparenting,work-lifebalanceforparents
735,607,This is a sample caption,community,,2024-09-06 08:55:42,2024-11-20 11:21:59,post,public,"creativeartsandcrafts,creativewritingandliterature,familyandparenting,filmandmediaproduction","animationandvfx,candlemaking,fictionwriting,newparents"
736,607,Just landed in Paris! Time to hunt down some croissants and avoid the crowds at the Eiffel Tower like it's my full-time job.,community,,2024-09-06 09:24:50,2024-11-20 11:22:02,post,public,"entertainment,familyandparenting","comedy,singleparenting"
737,607,Warning: Sightseeing in New York may lead to severe neck strain from staring upwards at all the skyscrapers!,community,,2024-09-07 09:31:25,2024-11-20 11:22:06,post,public,"entertainment,familyandparenting","comedy,newparents,singleparenting"
738,607,Don't forget your dancing shoes when visiting Argentina - the tango is a must-try experience!,community,,2024-09-08 09:31:23,2024-11-20 11:22:15,post,public,"businessandentrepreneurship,entertainment","comedy,smallbusinessowners"
739,607,"""Don't worry, Rome wasn't built in a day, but you can definitely gain 10 pounds in one sitting with all the pasta and gelato!""",community,,2024-09-09 03:58:14,2024-11-20 11:22:20,post,public,"entertainment,familyandparenting,fashionandbeauty,filmandmediaproduction","comedy,independentfilmmaking,nailart,newparents"
743,607,This is a welcome caption,community,,2024-09-10 08:50:54,2024-11-28 07:16:47,post,public,"creativeartsandcrafts,creativewritingandliterature,hobbiesandleisure","candlemaking,collecting(e.g.stampscoins),fictionwriting,scrapbooking"
744,142,hello,community,,2024-09-11 08:40:34,2024-11-28 07:16:58,post,public,creativeartsandcrafts,candlemaking
745,142,good,community,,2024-09-11 08:53:59,2024-11-28 07:17:04,post,public,"artsandculture,creativeartsandcrafts","candlemaking,culturalfestivals"
746,584,This is a sample caption,community,,2024-09-11 09:37:40,2024-11-28 07:17:17,post,public,"creativeartsandcrafts,creativewritingandliterature,outdoorandnatureactivities","candlemaking,fictionwriting,stargazing,wildcraftingandforaging"
747,584,This is a sample caption,community,,2024-09-11 09:38:22,2024-11-28 07:20:40,post,public,"creativeartsandcrafts,creativewritingandliterature,outdoorandnatureactivities","candlemaking,fictionwriting,stargazing,wildcraftingandforaging"
748,142,be nice,community,,2024-09-11 20:53:25,2024-11-28 07:20:50,post,public,creativeartsandcrafts,candlemaking
750,78,Join me at Monaco BeachğŸ˜—ğŸ•ºâœˆï¸,community,,2024-09-12 04:12:09,2024-11-28 07:21:07,post,public,"entertainment,familyandparenting","animeandmanga,newparents,singleparenting"
751,78,steeze,community,,2024-09-12 05:10:46,2024-11-30 11:08:21,post,public,diyandhomeimprovement,homerenovation
752,98,Chilling in Miami,community,,2024-09-12 05:16:18,2024-11-30 11:08:29,post,public,"entertainment,familyandparenting","animeandmanga,newparents,singleparenting"
753,142,coco in monaco,community,,2024-09-12 05:32:23,2024-11-30 11:08:32,post,public,"artsandculture,fashionandbeauty","fashiondesign,personalstyling,visualarts"
758,142,the post has a music,community,,2024-09-12 06:44:41,2024-11-28 08:53:42,post,public,businessandentrepreneurship,businessstrategyandmanagement
759,142,this is a new one the CEO,community,,2024-09-12 06:53:31,2024-11-28 08:53:45,post,public,businessandentrepreneurship,businessnetworking
760,607,"Forget pineapple on pizza, how about kangaroo pizza? Head to Australia for a twist on a classic!",community,,2024-09-12 08:10:21,2024-11-28 08:53:57,post,public,"fashionandbeauty,filmandmediaproduction","fashiondesign,screenwriting"
762,685,Everythign looks better in black and white,community,,2024-09-12 08:33:04,2024-11-28 08:54:00,post,public,"artsandculture,businessandentrepreneurship","businessstrategyandmanagement,theaterandperformingarts"
763,607,Who needs the gym when you can explore the streets of Rome with a handful of gelato? ğŸ¦,community,,2024-09-12 08:33:18,2024-11-28 08:54:10,post,public,"entertainment,familyandparenting","comedy,newparents,theaterandperformingarts"
764,78,Monaco ni cocoğŸ˜,community,,2024-09-12 08:56:59,2024-11-28 08:54:13,post,public,familyandparenting,work-lifebalanceforparents
766,607,"Just witnessed the rare ""tourist vs map"" showdown - spoiler alert: map won. ğŸ—ºï¸ #travelwoes",community,,2024-09-12 09:31:28,2024-11-28 08:54:16,post,public,"entertainment,familyandparenting","fanclubs(e.g.specificbandsactors),newparents"
768,528,ğŸ˜€,community,,2024-09-12 11:21:32,2024-11-28 09:59:37,post,public,"businessandentrepreneurship,creativeartsandcrafts","investmentandventurecapital,jewelrymaking"
769,607,"Who needs a personal wake-up call when you can visit the Runjunjulasintho Festival in Kyrgyzstan, where people are woken by yolk-filled balloons exploding on their faces?!",community,,2024-09-13 09:31:37,2024-11-28 09:59:41,post,public,"entertainment,familyandparenting,filmandmediaproduction","comedy,newparents,podcastproduction,theaterandperformingarts"
770,607,"Helpful tip for surviving a red-eye flight: bring sunglasses to hide the bags under your eyes â€“ you'll thank me later! 
#travelhacks",community,,2024-09-14 09:31:22,2024-11-28 09:59:58,post,public,"entertainment,familyandparenting","fanclubs(e.g.specificbandsactors),newparents"
771,607,Why travel all the way to Mars when you can experience out-of-this-world landscapes in Iceland? #FauxGravity ğŸ˜‰,community,,2024-09-15 09:31:24,2024-11-28 08:54:45,post,public,"entertainment,familyandparenting","newparents,singleparenting,theaterandperformingarts"
772,607,"""Did you know that in Italy, throwing a coin into the Trevi Fountain guarantees your return to Rome? Better start collecting those coins now!""",community,,2024-09-16 09:31:36,2024-11-28 08:54:49,post,public,"entertainment,familyandparenting","comedy,fanclubs(e.g.specificbandsactors),singleparenting"
773,543,Paddi AI PictureğŸ¤©,community,,2024-09-17 08:08:28,2024-11-28 08:54:53,post,public,businessandentrepreneurship,businessnetworking
774,607,"Crazy to think flamingos can't actually fly, guess they prefer chilling in the Bahamas over dealing with airport security! âœˆï¸ğŸ¦©",community,,2024-09-17 09:31:32,2024-11-28 08:54:56,post,public,"familyandparenting,foodanddrink","coffeelovers,newparents"
775,607,Who needs a gym membership when you can just lug around your suitcase through cobblestone streets? ğŸ’ªğŸ¼ #travelworkout,community,,2024-09-18 09:31:37,2024-11-28 08:55:06,post,public,"automotiveandvehicles,entertainment,familyandparenting","newparents,off-roading,theaterandperformingarts"
776,584,HEAVEN  ON EARTH,community,,2024-09-18 09:43:15,2024-11-28 08:55:09,post,public,"entertainment,familyandparenting","comedy,newparents,singleparenting,theaterandperformingarts"
777,142,new orleans,community,,2024-09-18 09:53:39,2024-11-30 11:08:46,post,public,"artsandculture,fashionandbeauty","fashiondesign,sustainablefashion,visualarts"
778,546,VG to the worldğŸŠğŸŠğŸŠ,community,,2024-09-18 10:44:48,2024-11-28 10:00:16,post,public,businessandentrepreneurship,businessnetworking
780,584,This is a sample caption,community,,2024-09-19 08:18:54,2024-11-28 10:00:21,post,public,"creativeartsandcrafts,creativewritingandliterature,outdoorandnatureactivities","candlemaking,fictionwriting,stargazing,wildcraftingandforaging"
781,607,"""Don't worry, fine motor skills aren't necessary at the annual La Tomatina in Spain - just pack your quick reflexes (and possibly goggles)!""",community,,2024-09-19 09:31:42,2024-11-28 10:01:31,post,public,"entertainment,familyandparenting,filmandmediaproduction","newparents,podcastproduction,singleparenting,theaterandperformingarts"
782,711,just left egypt,community,,2024-09-19 10:06:19,2024-11-28 10:00:43,post,public,creativewritingandliterature,publishingandself-publishing
783,607,"Guys, get ready to pinch yourself because Karaokeboatâ€“yes, a boat dedicated completely to karaoke â€“ is REAL and cruising around Tokyo Bay! ğŸ›³ğŸ¤ #sailandcroon",community,,2024-09-20 09:31:45,2024-11-28 08:55:50,post,public,"businessandentrepreneurship,entertainment,familyandparenting","businessstrategyandmanagement,comedy,newparents,singleparenting"
784,754,TGIF ğŸ‰ ğŸ¥³,community,,2024-09-20 14:27:05,2024-11-28 08:56:03,post,public,"businessandentrepreneurship,foodanddrink","baking,e-commerce"
785,754,It's the weekend,community,,2024-09-20 14:34:35,2024-11-28 08:56:16,post,public,familyandparenting,work-lifebalanceforparents
786,607,Discovering new destinations one dad joke at a time â€“ because who doesn't love a good pun-trip?,community,,2024-09-21 09:31:14,2024-11-28 08:56:19,post,public,entertainment,"comedy,fanclubs(e.g.specificbandsactors),theaterandperformingarts"
787,607,Just trying to blend in with the locals by ordering an overly complicated coffee in Italy. â˜•ğŸ‡®ğŸ‡¹,community,,2024-09-22 09:31:25,2024-11-28 08:56:30,post,public,"entertainment,fashionandbeauty","comedy,nailart"
788,607,"Lost in Venice? don't worry, just follow the trail of selfie sticks and polyester gondola hats to find your way!",community,,2024-09-23 09:31:34,2024-11-28 08:56:40,post,public,"entertainment,familyandparenting","comedy,newparents,singleparenting"
789,607,"""Sneakily trying to convince TSA that my overflowing suitcase is actually just a fun festive piÃ±ata for my destination.""",community,,2024-09-24 09:31:50,2024-11-28 08:56:43,post,public,"entertainment,familyandparenting","fanclubs(e.g.specificbandsactors),newparents"
790,607,Just discovered a magical underground speakeasy in Budapest where amazing cocktails and secrets are served...maybe even a unicorn or two ğŸ¦„ğŸ¸ #justkeeptravelling,community,,2024-09-25 09:31:36,2024-11-28 08:56:47,post,public,"entertainment,fashionandbeauty,filmandmediaproduction","animeandmanga,comedy,haircare,screenwriting"
791,706,ğŸ‘ğŸ‘ğŸ‘ğŸ‘ğŸ‘ğŸ‘ğŸ‘ğŸ‘ğŸ‘ğŸ‘ğŸ‘ğŸ‘ğŸ‘,community,,2024-09-26 05:02:20,2024-11-28 08:56:58,post,public,"automotiveandvehicles,businessandentrepreneurship,creativeartsandcrafts","automotivenewsandreviews,businessnetworking,jewelrymaking"
792,607,"Forget about map reading skills, just follow the crowd to find the best rooftop bar in townğŸ¹#LostInLibations.",community,,2024-09-26 09:31:44,2024-11-28 08:57:10,post,public,fashionandbeauty,fashiontrends
793,711,ğŸ¥²ğŸ˜†ğŸ˜†ğŸ˜†ğŸ˜†ğŸ˜†ğŸ˜†ğŸ˜†,community,,2024-09-26 11:46:22,2024-11-28 10:00:49,post,public,"automotiveandvehicles,businessandentrepreneurship","carenthusiasts,e-commerce"
794,711,ğŸ˜†ğŸ˜†ğŸ˜†ğŸ˜†ğŸ˜†ğŸ˜†ğŸ˜†ğŸ˜†ğŸ˜†ğŸ˜†,community,,2024-09-26 12:27:52,2024-11-28 08:57:30,post,public,businessandentrepreneurship,e-commerce
795,607,"""What do you call a boomerang that doesn't come back? A stick. Speaking of sticks, let's go explore the outback in Australia!""",community,,2024-09-27 09:31:36,2024-11-28 10:01:44,post,public,"businessandentrepreneurship,entertainment","e-commerce,theaterandperformingarts"
796,607,Here's a tip for surviving long flights: bring snacks... and plenty of extra patience for the crying babies! #TravelTips,community,,2024-09-28 09:31:26,2024-11-28 08:57:44,post,public,familyandparenting,newparents
797,607,"So apparently, eating a Danish pastry while strolling through Copenhagen automatically makes you closer to being a Viking. ğŸ°ğŸ‡©ğŸ‡°",community,,2024-09-29 09:31:20,2024-11-28 08:57:48,post,public,"entertainment,fashionandbeauty,filmandmediaproduction","comedy,fashiondesign,screenwriting"
799,607,"Did you know that in Japan, you can visit an island filled with friendly deer who might just steal your snacks? ğŸ¦ŒğŸ‡¯ğŸ‡µ",community,,2024-10-01 09:31:33,2024-11-28 08:57:57,post,public,"entertainment,familyandparenting","comedy,singleparenting,theaterandperformingarts"
802,566,"Tech-driven innovation is my compass. Fueled by passion and a relentless pursuit of progress, let's shape a brighter future together.Drop a ğŸ’¡ in the comments if you're ready to embrace change and drive innovation with me! #gopaddi #TechRevolution  #DreamBig #MakeADifference",community,,2024-10-01 22:41:15,2024-11-28 08:57:59,post,public,"creativeartsandcrafts,creativewritingandliterature","candlemaking,poetry"
803,607,Just found out that Iceland is actually green and Greenland is icy - what a travel twist!,community,,2024-10-02 09:31:48,2024-11-28 08:58:02,post,public,"entertainment,familyandparenting","comedy,newparents,theaterandperformingarts"
805,607,"Swimming in the Dead Sea is an ideal skincare routine: sunblock, enriching minerals, and chic floaties required.",community,,2024-10-03 09:31:29,2024-11-28 08:58:06,post,public,"automotiveandvehicles,familyandparenting,outdoorandnatureactivities","motorsport,newparents,wildcraftingandforaging"
806,584,ğŸ‘ğŸ‘ğŸ‘,community,,2024-10-04 04:36:44,2024-11-28 08:58:08,post,public,"creativeartsandcrafts,creativewritingandliterature,professionalandcareer","candlemaking,entrepreneurship,fictionwriting,poetry"
807,607,"""Travel Tip: Remember, the only time it's acceptable to text 'I'm never coming back' is when visiting a destination you never want to leave.""",community,,2024-10-04 09:31:25,2024-11-28 10:01:51,post,public,entertainment,"fanclubs(e.g.specificbandsactors),theaterandperformingarts"
809,607,Pack five outfits for a weekend getaway so your suitcase can judge you for your indecisiveness too. ğŸ§³,community,,2024-10-05 09:31:27,2024-11-28 08:58:14,post,public,familyandparenting,work-lifebalanceforparents
810,607,"""Remember, calories don't count on vacation - try all the gelato flavors in Rome!"" ğŸ¨#VacationDiet",community,,2024-10-06 09:31:20,2024-11-28 08:58:18,post,public,"entertainment,familyandparenting,fashionandbeauty,filmandmediaproduction","animeandmanga,fashiondesign,personalstyling,screenwriting,singleparenting"
811,607,Exploring the Eiffel Tower: Because standing in long lines just to take a selfie is the ultimate Parisian experience.,community,,2024-10-07 09:31:45,2024-11-28 10:01:56,post,public,"entertainment,familyandparenting","comedy,newparents,singleparenting"
817,584,ğŸ‘ğŸ‘ğŸ‘ğŸ‘ğŸ‘,community,,2024-10-08 05:12:48,2024-11-28 10:02:01,post,public,"creativewritingandliterature,professionalandcareer","fictionwriting,jobhunting"
818,607,Who needs a gym membership when you can hike up a mountain for free while avoiding getting attacked by bears!? ğŸ»ğŸ’ª #stronglegsweakwildlife,community,,2024-10-08 09:32:03,2024-11-28 08:58:43,post,public,"automotiveandvehicles,entertainment","comedy,off-roading,theaterandperformingarts"
821,584,Testing my post,community,,2024-10-09 06:19:07,2024-11-28 10:08:38,post,public,familyandparenting,work-lifebalanceforparents
826,607,Beware of wanderlust: it can lead to spontaneous adventures and overspending on cute souvenirs. ğŸ’¸ğŸŒ,community,,2024-10-09 09:31:46,2024-11-28 08:58:57,post,public,"entertainment,familyandparenting","fanclubs(e.g.specificbandsactors),newparents,singleparenting"
829,706,Best manager in the world. Arteta who?,community,,2024-10-09 12:46:50,2024-11-28 08:59:06,post,public,"automotiveandvehicles,creativeartsandcrafts","automotivenewsandreviews,jewelrymaking"
855,142,share you experience ğŸ˜…,community,,2024-10-10 05:53:13,2024-11-28 08:59:09,post,public,"artsandculture,creativeartsandcrafts","candlemaking,culturalfestivals"
862,706,CS Week 24 Highlights: Surrounded by Beautiful People Everywhere!,community,,2024-10-10 07:31:10,2024-11-28 08:59:27,post,public,"automotiveandvehicles,creativeartsandcrafts","automotivenewsandreviews,jewelrymaking"
863,528,CS Week 24,community,,2024-10-10 07:35:58,2024-11-28 10:02:13,post,public,"automotiveandvehicles,creativeartsandcrafts","automotivenewsandreviews,jewelrymaking"
864,426,ğŸ˜,community,,2024-10-10 07:38:23,2024-11-30 11:08:50,post,public,"creativewritingandliterature,entertainment,familyandparenting","comedy,newparents,publishingandself-publishing,singleparenting"
866,426,Dj Tofs in actions!,community,,2024-10-10 07:44:15,2024-11-28 10:08:45,post,public,businessandentrepreneurship,businessstrategyandmanagement
868,562,Day 3 of Customer Service week and we repping our favourite teams,community,,2024-10-10 07:55:40,2024-11-28 08:59:40,post,public,"automotiveandvehicles,creativeartsandcrafts","automotivenewsandreviews,jewelrymaking"
869,426,Bolzano Christmas ğŸ„,community,,2024-10-10 07:58:21,2024-11-28 10:08:51,post,public,"entertainment,familyandparenting,filmandmediaproduction","animeandmanga,newparents,podcastproduction,singleparenting"
870,426,Culture of stars,community,,2024-10-10 08:00:50,2024-11-28 10:02:30,post,public,creativewritingandliterature,non-fictionwriting
871,706,"CS Week has been a fantastic ride, and the smiles on our faces say it all!",community,,2024-10-10 08:07:41,2024-11-28 09:00:11,post,public,"artsandculture,automotiveandvehicles,creativeartsandcrafts","automotivenewsandreviews,jewelrymaking,theaterandperformingarts"
872,941,POV : When my products goes live ğŸ˜€,community,,2024-10-10 08:16:07,2024-11-28 09:00:13,post,public,"financeandinvestment,healthandwellness,historyandculture","historicalreenactments,realestateinvestment,wellnessretreats"
873,534,We are on vacation.... Beware of those boys...,community,,2024-10-10 08:21:11,2024-11-30 11:23:43,post,public,familyandparenting,"educationalresourcesforkids,parentingteens"
875,142,hihâœ…,community,,2024-10-10 08:27:27,2024-11-28 10:02:44,post,public,familyandparenting,work-lifebalanceforparents
876,964,The only,community,,2024-10-10 08:32:40,2024-11-28 09:00:31,post,public,artsandculture,theaterandperformingarts
877,426,Meet Adventure in Medelin,community,,2024-10-10 08:34:35,2024-11-28 09:00:40,post,public,"entertainment,familyandparenting","comedy,singleparenting,theaterandperformingarts"
878,426,Make memories in Miami,community,,2024-10-10 08:36:24,2024-11-28 09:00:52,post,public,"entertainment,familyandparenting","animeandmanga,comedy,newparents,singleparenting"
879,706,"Day 2 of CS Week, and the energy is still high! From amazing conversations to shared laughs, itâ€™s been a blast so far. Canâ€™t wait to see what the rest of the week has in store!",community,,2024-10-10 08:37:06,2024-11-28 09:01:02,post,public,"creativeartsandcrafts,financeandinvestment","budgetingandsaving,financialindependence,jewelrymaking,retirementplanning"
881,426,â“â“â“â“â“â“â“â“,community,,2024-10-10 08:47:38,2024-11-28 09:01:04,post,public,creativeartsandcrafts,scrapbooking
884,345,Beautiful VG LadiesğŸ˜,community,,2024-10-10 08:53:48,2024-11-28 09:01:15,post,public,"businessandentrepreneurship,creativeartsandcrafts,familyandparenting","businessnetworking,jewelrymaking,work-lifebalanceforparents"
886,565,Pather Panchali (1955),community,,2024-10-10 09:04:07,2024-11-30 11:24:07,post,public,"businessandentrepreneurship,filmandmediaproduction","investmentandventurecapital,mediacritiqueandanalysis"
887,607,Throwback to when my suitcase was heavier than my entire wardrobe. Worth it for the insta pics though. #travelstruggles,community,,2024-10-10 09:31:44,2024-11-28 10:09:21,post,public,"entertainment,familyandparenting","fanclubs(e.g.specificbandsactors),newparents"
890,711,can i buy this on gomarket,community,,2024-10-10 13:29:26,2024-11-28 09:01:45,post,public,artsandculture,musicandinstrumental
893,607,"If packing for a trip was an Olympic sport, I would definitely be on Team Procrastination. #TravelProcrastinator",community,,2024-10-12 09:31:18,2024-11-28 09:01:55,post,public,"businessandentrepreneurship,entertainment","e-commerce,fanclubs(e.g.specificbandsactors)"
894,607,"Get ready to snack your way through ""Cheese d'Elegance"" - the village block party where you can wine, cheese and watch hilarious cow costume parade in Contern, Luxembourg! ğŸ§€ğŸ·ğŸ„",community,,2024-10-13 09:31:41,2024-11-28 09:01:59,post,public,"familyandparenting,fashionandbeauty,filmandmediaproduction","fashiondesign,haircare,newparents,podcastproduction"
899,584,hello Germany,community,,2024-10-15 04:46:44,2024-11-28 09:02:01,post,public,"entertainment,familyandparenting","comedy,newparents,singleparenting"
901,528,Happy Birthday to Me,community,,2024-10-15 11:32:36,2024-11-28 10:09:26,post,public,artsandculture,theaterandperformingarts
902,528,Our president no like us,community,,2024-10-15 11:34:12,2024-11-28 09:02:18,post,public,"businessandentrepreneurship,foodanddrink","e-commerce,foodphotography"
904,607,Who needs a passport when your favorite barista can already take you on a caffeine-fueled journey around the globe? â˜•ï¸âœˆï¸ #TravelFromYourCouch,community,,2024-10-16 09:31:47,2024-11-28 10:09:33,post,public,"entertainment,familyandparenting,fashionandbeauty","fanclubs(e.g.specificbandsactors),nailart,newparents"
905,762,Will tell you later,community,,2024-10-16 20:09:00,2024-11-28 10:09:39,post,public,automotiveandvehicles,carenthusiasts
915,607,Just wrestled with a passport photo machine that thinks I'm a giraffe - heading to photograph stunning sunsets at Angkor Wat!,community,,2024-10-17 09:31:50,2024-11-28 10:09:46,post,public,"entertainment,familyandparenting","comedy,newparents,singleparenting"
923,607,"""So apparently organizing a self-guided tour of all the food options in New Orleans is technically called 'flavor exploring'"", I'm already an expert explorer ğŸ” ğŸŒ® ğŸ¤¤ #foodieadventures",community,,2024-10-18 09:31:43,2024-11-28 09:02:37,post,public,"entertainment,familyandparenting,fashionandbeauty,filmandmediaproduction","comedy,fashiondesign,newparents,personalstyling,screenwriting,singleparenting"
927,607,So I ditched my luggage and hired a Sherpa for my next trip. Who needs overhead space when you have a personal porter!? #TravelTales,community,,2024-10-19 09:31:20,2024-11-28 10:09:57,post,public,entertainment,"fanclubs(e.g.specificbandsactors),theaterandperformingarts"
931,607,"Packing 20 outfit options for a weekend getaway is called being prepared, not indecisive.",community,,2024-10-20 09:31:21,2024-11-28 09:02:57,post,public,"entertainment,familyandparenting","animeandmanga,comedy,fanclubs(e.g.specificbandsactors),newparents"
932,650,Hello world,community,,2024-10-20 14:35:50,2024-11-28 09:02:59,post,public,"businessandentrepreneurship,creativeartsandcrafts","e-commerce,jewelrymaking"
933,650,Tell me something scarier,community,,2024-10-20 14:43:53,2024-11-28 09:03:07,post,public,businessandentrepreneurship,leadershipandmentoring
956,607,"Who needs sleep when you have wanderlust? Let's explore Tokyo's quirky Robot Restaurant with robots, neon lights, and more sass than a sequin queen!",community,,2024-10-21 09:32:10,2024-11-28 09:03:18,post,public,"entertainment,familyandparenting","comedy,newparents,singleparenting"
960,562,@olajide-zaccheaus-66b4a4b305742 Come and explain sir,community,,2024-10-21 12:20:00,2024-11-30 11:24:13,post,public,"businessandentrepreneurship,familyandparenting","businessnetworking,work-lifebalanceforparents"
962,528,Fashion world,community,,2024-10-21 13:00:23,2024-11-28 09:03:23,post,public,familyandparenting,work-lifebalanceforparents
963,528,Puppy,community,,2024-10-21 13:02:15,2024-11-28 10:10:09,post,public,languageandculture,dialectsandregionallanguages
964,528,Work,community,,2024-10-21 13:06:29,2024-11-28 10:10:18,post,public,historyandculture,archaeology
968,528,hello,community,,2024-10-21 13:24:01,2024-11-28 10:10:23,post,public,"businessandentrepreneurship,foodanddrink","e-commerce,foodphotography"
969,528,hello,community,,2024-10-21 13:26:07,2024-11-28 10:27:44,post,public,"businessandentrepreneurship,foodanddrink","e-commerce,foodphotography"
971,426,Digital footprint!,community,,2024-10-21 17:29:48,2024-11-28 10:02:42,post,public,"creativeartsandcrafts,diyandhomeimprovement","diyhomedecor,scrapbooking"
986,706,"In an era where the striker market is pretty non-existent, we're blessed to have grabbed Rasmus HÃ¸jlund at 20 years of age.",community,,2024-10-22 07:23:38,2024-11-28 10:02:45,post,public,"automotiveandvehicles,creativeartsandcrafts","automotivenewsandreviews,jewelrymaking"
989,1012,Diary 101,community,,2024-10-22 07:38:23,2024-11-28 10:27:59,post,public,"artsandculture,filmandmediaproduction","screenwriting,visualarts"
990,574,I bought this platter for 5k. Location is hidden,community,,2024-10-22 07:39:08,2024-11-28 09:04:02,post,public,"artsandculture,fashionandbeauty","fashiondesign,visualarts"
992,762,fff,community,,2024-10-22 07:57:44,2024-11-28 09:04:10,post,public,businessandentrepreneurship,"e-commerce,leadershipandmentoring"
993,711,My money grows like figs,community,,2024-10-22 08:07:34,2024-11-28 09:04:23,post,public,"familyandparenting,historyandculture","historicalevents,parentingsupportgroups"
1005,607,Ready to zip line through the Costa Rican rainforest and most likely lose your GoPro in the process? Let's go!,community,,2024-10-23 09:31:44,2024-11-28 09:04:27,post,public,"automotiveandvehicles,entertainment,familyandparenting","newparents,off-roading,theaterandperformingarts"
1006,762,repent today !   that code wey you patch.. write am well. jesus is coming,community,,2024-10-23 12:26:52,2024-11-28 09:04:29,post,public,personaldevelopmentandself-improvement,lifeskills
1007,685,ğŸŒšğŸŒšğŸŒš,community,,2024-10-23 14:09:59,2024-11-28 10:02:54,post,public,businessandentrepreneurship,businessnetworking
1008,685,ğŸ˜ğŸ˜ğŸ˜ğŸ˜,community,,2024-10-23 14:27:06,2024-11-28 09:04:36,post,public,"artsandculture,fashionandbeauty","fashiondesign,visualarts"
1454,607,Throwback to when my suitcase weighed more than me ğŸ˜… Where should I travel next? ğŸŒ #Wanderlust,community,,2024-10-24 09:31:47,2024-11-28 09:04:46,post,public,"entertainment,familyandparenting","comedy,fanclubs(e.g.specificbandsactors),newparents,singleparenting,theaterandperformingarts"
1456,1016,I am excited to be here!,community,,2024-10-24 10:22:13,2024-11-28 10:02:57,post,public,"entertainment,filmandmediaproduction","comedy,podcastproduction"
1462,607,"Get ready to wine and dine your way through France's Champagne region, because popping bottles of bubbly is actually a workout here! ğŸ’ª #SweatingForChampagne",community,,2024-10-25 09:31:53,2024-11-28 09:04:52,post,public,"entertainment,familyandparenting,fashionandbeauty","animeandmanga,comedy,haircare,newparents,singleparenting"
1466,78,Test,community,,2024-10-25 18:24:29,2024-11-28 09:04:57,post,public,artsandculture,theaterandperformingarts
1468,426,Test!,community,,2024-10-25 18:28:09,2024-11-28 09:05:03,post,public,businessandentrepreneurship,e-commerce
1469,142,nothing like cheese,community,,2024-10-25 19:34:13,2024-11-28 09:05:07,post,public,"artsandculture,fashionandbeauty","fashiondesign,visualarts"
1470,607,Get ready to dance your way through the night at the world's biggest electronic music festival - it's either that or pay the price for bringing too many snacks into the airplane.,community,,2024-10-26 09:31:22,2024-11-28 09:05:17,post,public,"businessandentrepreneurship,familyandparenting,fashionandbeauty","businessstrategyandmanagement,fashiondesign,newparents"
1471,607,"Get ready to unleash your inner pirate at the annual Talk Like a Pirate Day festival in Penzance, UK - Arrrr you ready for some shenanigans on the high seas? ğŸ´â€â˜ ï¸ #TalkLikeAPirate",community,,2024-10-27 10:31:30,2024-11-28 09:05:20,post,public,"familyandparenting,filmandmediaproduction","newparents,podcastproduction,singleparenting"
1472,964,hello world of the  90s,community,,2024-10-28 12:12:50,2024-11-28 10:10:41,post,public,"businessandentrepreneurship,creativeartsandcrafts","businessstrategyandmanagement,scrapbooking"
1473,426,Black!,community,,2024-10-28 23:22:12,2024-11-28 10:10:48,post,public,"artsandculture,familyandparenting","theaterandperformingarts,work-lifebalanceforparents"
1477,426,Security is key!,community,,2024-10-29 08:05:32,2024-11-28 09:05:49,post,public,"creativeartsandcrafts,professionalandcareer","entrepreneurship,scrapbooking"
1478,426,Chilling in Miami,community,,2024-10-29 08:08:25,2024-11-28 09:05:54,post,public,"entertainment,familyandparenting","animeandmanga,newparents,singleparenting"
1479,426,#workmode #workmode #workmode,community,,2024-10-29 08:10:10,2024-11-28 09:06:00,post,public,"creativeartsandcrafts,foodanddrink","baking,candlemaking"
1481,426,âœˆï¸âœˆï¸âœˆï¸âœˆï¸,community,,2024-10-29 08:17:11,2024-11-30 11:24:22,post,public,familyandparenting,childdevelopment
1482,607,"""Who needs a crystal ball when youâ€™ve got a travel map? Let the adventure begin!""",community,,2024-10-29 10:31:43,2024-11-28 09:06:14,post,public,"entertainment,familyandparenting","newparents,theaterandperformingarts"
1489,959,King and Priest,community,,2024-10-30 08:45:10,2024-11-28 09:06:29,post,public,artsandculture,theaterandperformingarts
1492,584,sdadsacsa,community,,2024-10-30 09:08:26,2024-11-28 09:06:30,post,public,"entertainment,familyandparenting","comedy,newparents,singleparenting"
1494,607,"Went on a hike and when I reached the summit, my WiFi automatically connected to ""Cloud 9""...thanks universe ğŸ™„ #TravelerProblems ğŸ˜‰ğŸŒ",community,,2024-10-30 10:31:47,2024-11-28 10:11:05,post,public,"automotiveandvehicles,familyandparenting","newparents,off-roading"
1512,607,Who needs a compass when you have Google Maps and a questionable sense of direction? ğŸŒğŸ§­ #LostandFoundVacation,community,,2024-10-31 10:31:57,2024-11-28 10:11:12,post,public,"entertainment,familyandparenting","fanclubs(e.g.specificbandsactors),newparents,theaterandperformingarts"
1513,607,Pack your bags because calories don't count on vacation - it's scientifically proven! ğŸ˜‰âœˆï¸ğŸŒ´ #vacationmode,community,,2024-11-01 10:31:44,2024-11-28 10:03:23,post,public,"entertainment,fashionandbeauty,filmandmediaproduction","animeandmanga,comedy,fanclubs(e.g.specificbandsactors),fashiondesign,screenwriting,theaterandperformingarts"
1514,607,"Looking for a parasitic holiday? Visit Lelepa Island in Vanuatu, home to my new eco-friendly friends - local pigs that sunbathe with sunscreen on! ğŸ·â˜€ï¸",community,,2024-11-02 10:31:23,2024-11-28 09:07:01,post,public,"entertainment,familyandparenting","comedy,newparents,singleparenting,theaterandperformingarts"
1515,607,Think you've seen it all? Wait until you witness the lively chaos that is the annual cheese rolling competition in England! ğŸ§€ğŸƒâ€â™‚ï¸ #CheeseForDays,community,,2024-11-03 10:31:25,2024-11-28 09:07:12,post,public,entertainment,"comedy,theaterandperformingarts"
1517,607,Just discovered Milford Sound in New Zealand has more beautiful waterfalls than failed relationships in my social circle! #NatureWins,community,,2024-11-04 10:32:21,2024-11-28 09:07:16,post,public,"automotiveandvehicles,familyandparenting","newparents,off-roading,singleparenting"
1520,607,"Hold onto your hats, folks! The camel races at the Jaisalmer Desert Festival are about to start - let the hump day festivities begin!",community,,2024-11-05 10:31:58,2024-11-28 09:07:19,post,public,entertainment,"comedy,theaterandperformingarts"
1522,78,"Stop playing, dev afo here",community,,2024-11-05 11:02:36,2024-11-28 09:07:23,post,public,creativeartsandcrafts,"jewelrymaking,scrapbooking"
1527,546,Paint and Sip with me,community,,2024-11-06 13:35:13,2024-11-28 10:11:17,post,public,"automotiveandvehicles,financeandinvestment","carenthusiasts,stockmarket"
1529,426,Fly High!,community,,2024-11-07 09:19:03,2024-11-28 09:07:29,post,public,"entertainment,familyandparenting","newparents,theaterandperformingarts"
1530,607,"Forget sightseeing, I prefer ""flight see-ing"" - my ideal vacation involves lots of napping on the airplane! âœˆï¸ğŸ’¤",community,,2024-11-07 10:31:53,2024-11-28 10:11:29,post,public,"entertainment,familyandparenting","fanclubs(e.g.specificbandsactors),newparents,theaterandperformingarts"
1531,607,"Dreaming of white sandy beaches, crystal blue waters, and a sunburn that will rival a lobster? Sounds like your next tropical getaway is calling! #VacationGoals ğŸ”¥ğŸŒ´",community,,2024-11-08 10:31:45,2024-11-28 09:07:54,post,public,"entertainment,familyandparenting","animeandmanga,fanclubs(e.g.specificbandsactors),singleparenting,theaterandperformingarts"
1532,964,TGIF,community,,2024-11-08 12:58:17,2024-11-28 09:08:03,post,public,businessandentrepreneurship,e-commerce
1539,607,"Get ready to cross ""Snapchatting with palm trees"" off your bucket list - because apparently it's a thing now! ğŸŒ´ #OnlyInCalifornia",community,,2024-11-09 10:31:23,2024-11-28 09:08:13,post,public,"creativeartsandcrafts,entertainment,familyandparenting","comedy,fanclubs(e.g.specificbandsactors),newparents,podcasts,scrapbooking,singleparenting"
1540,607,Trying to make plans for Spring Break? Remember: the only thing you should be taking home is sand in your shoes! ğŸŒ´ğŸ•¶ğŸŒ,community,,2024-11-10 10:31:24,2024-11-28 09:08:23,post,public,"entertainment,familyandparenting","animeandmanga,celebritynewsandgossip,comedy,fanclubs(e.g.specificbandsactors),podcasts,singleparenting,theaterandperformingarts"
1541,965,"Book a room at Hotel Arellano this week to stand a chance to win a trip to dubai and three free bets at Arellano Odds Terms and conditions apply, Vamos!!!",community,,2024-11-11 09:22:56,2024-11-28 09:08:24,post,public,entertainment,animeandmanga
1542,607,"If I had a dollar for every time I've gotten lost in Venice's maze of streets, I could afford a gondola ride! #LostInItaly",community,,2024-11-11 10:32:02,2024-11-28 09:08:28,post,public,"entertainment,familyandparenting","comedy,newparents,singleparenting"
1561,685,hello world,community,,2024-11-13 08:11:07,2024-11-28 09:08:34,post,public,filmandmediaproduction,videoediting
1562,78,Owanbe,community,,2024-11-13 08:40:32,2024-11-28 10:28:15,post,public,filmandmediaproduction,podcastproduction
1568,607,Pack light for your vacation - you'll always end up buying too many souvenirs anyways!,community,,2024-11-13 10:32:08,2024-11-28 09:08:46,post,public,"entertainment,familyandparenting","fanclubs(e.g.specificbandsactors),newparents"
1569,964,hello team,community,,2024-11-13 11:06:40,2024-11-28 09:08:58,post,public,familyandparenting,work-lifebalanceforparents
1571,142,Chief of staff,community,,2024-11-13 12:40:53,2024-11-28 09:09:06,post,public,"creativeartsandcrafts,historyandculture","ancientcivilizations,archaeology,candlemaking"
1572,78,OmoooooğŸ˜‚,community,,2024-11-14 05:17:37,2024-11-28 09:09:10,post,public,businessandentrepreneurship,e-commerce
1576,607,"Sure, going on vacation during a pandemic probably wasn't the best move, unless you were aiming for that awkward tanline from your mask-mails(sort of a face mask-et, if you will?)jadiÃ¨re).",community,,2024-11-14 10:32:15,2024-11-28 09:09:14,post,public,"entertainment,familyandparenting","comedy,newparents,theaterandperformingarts"
1582,607,Festivals with free WiFi: because who wants to be stranded in the middle of dancing dinosaurs with no signal?,community,,2024-11-15 10:32:02,2024-11-28 09:09:18,post,public,"businessandentrepreneurship,creativeartsandcrafts","businessstrategyandmanagement,scrapbooking"
1583,607,Just discovered a new festival where participants race through the streets in inflatable sumo suits - sign me up for some oversized fun in #Japan!,community,,2024-11-16 10:31:29,2024-11-28 10:03:44,post,public,"automotiveandvehicles,entertainment","automotivenewsandreviews,comedy"
1584,607,Who needs a weight loss retreat when you can just book a vacation in Europe and walk around getting lost in the charming cobblestone streets all day?,community,,2024-11-17 10:31:26,2024-11-28 09:09:33,post,public,entertainment,"comedy,fanclubs(e.g.specificbandsactors)"
1585,607,Warning: Visiting the Land of Smiles may cause a permanent grin on your face! ğŸ˜ #TravelThailand,community,,2024-11-18 10:32:13,2024-11-28 10:03:47,post,public,"entertainment,familyandparenting","comedy,newparents,singleparenting"
1586,607,Just indulged in the ultimate chocoholic paradise in Switzerland ğŸ« No such thing as too much chocolate when in I-swirl-land! ğŸ˜‰,community,,2024-11-19 10:32:07,2024-11-28 09:09:46,post,public,"entertainment,familyandparenting,fashionandbeauty","comedy,newparents,personalstyling,singleparenting"
1587,607,Feeling crabby? Head to the Maldives and chill out with some smiling crab memes on the beaches of the Adamantium Atoll!,community,,2024-11-20 10:32:41,2024-11-28 10:03:51,post,public,"entertainment,familyandparenting","comedy,newparents,singleparenting,theaterandperformingarts"
1590,607,"Pack a sense of humor when visiting the Punny Haunted Houses Festival, where you'll get more chills and laughs in one place than a cheesy horror movie marathon.",community,,2024-11-21 10:32:30,2024-11-28 09:10:06,post,public,"businessandentrepreneurship,filmandmediaproduction","e-commerce,podcastproduction"
1591,78,Test,community,,2024-11-21 12:48:05,2024-11-30 11:09:34,post,public,artsandculture,theaterandperformingarts
1593,78,Test,community,,2024-11-21 12:51:58,2024-11-30 11:09:44,post,public,artsandculture,theaterandperformingarts
1594,78,Test,community,,2024-11-22 04:36:28,2024-11-30 11:09:48,post,public,artsandculture,theaterandperformingarts
1595,78,Testing music,community,,2024-11-22 06:43:01,2024-11-28 10:11:56,post,public,businessandentrepreneurship,businessstrategyandmanagement
1596,607,Pro tip: don't try to navigate the narrow streets of Stockholm's Gamla Stan in a tour bus unless you want to channel your inner rally driver.,community,,2024-11-22 10:33:10,2024-11-28 09:10:54,post,public,"entertainment,familyandparenting","comedy,fanclubs(e.g.specificbandsactors),singleparenting"
1598,607,Only pack the essentials... like 5 different bikinis for every possible mood swing ğŸ’ğŸ¼â€â™€ï¸ğŸ‘™ #overpackerheaven,community,,2024-11-23 10:31:32,2024-11-28 09:10:58,post,public,"entertainment,familyandparenting","fanclubs(e.g.specificbandsactors),work-lifebalanceforparents"
1599,607,"Here's a #TravelTip: If someone asks you for directions in a foreign country, just pretend you know the place like the back of your hand. It always works out beautifully! ğŸ˜‰ğŸ—ºï¸ #TravelHumor",community,,2024-11-24 10:31:31,2024-11-28 09:11:01,post,public,"entertainment,familyandparenting","fanclubs(e.g.specificbandsactors),newparents"
1600,607,"If the Loch Ness Monster steals your luggage, at least you'll have a good excuse for missing your connecting flight!",community,,2024-11-25 10:32:27,2024-11-28 09:11:05,post,public,entertainment,"comedy,fanclubs(e.g.specificbandsactors),theaterandperformingarts"
1601,584,Miles  of Smiles,community,,2024-11-26 06:12:18,2024-11-28 09:11:07,post,public,familyandparenting,work-lifebalanceforparents
1602,607,Dig out your neon pink leggings and Tevas for the ultimate 90's rave experience at Boom Festival in Portugal - because who doesn't love a little nostalgia with their EDM?,community,,2024-11-26 10:32:27,2024-11-28 09:11:11,post,public,"businessandentrepreneurship,entertainment","businessstrategyandmanagement,comedy,theaterandperformingarts"
1605,78,Testing music,community,,2024-11-27 05:55:17,2024-11-28 09:11:14,post,public,businessandentrepreneurship,businessstrategyandmanagement
1607,78,testing again,community,,2024-11-27 07:42:54,2024-11-30 11:09:50,post,public,creativeartsandcrafts,scrapbooking
1609,607,"Ready to explore a city where the food is spicier than your ex? Pack your tongue and hop on a plane to Bangkok, Thailand!",community,,2024-11-27 10:32:44,2024-11-28 10:28:40,post,public,"entertainment,familyandparenting,filmandmediaproduction","comedy,screenwriting,singleparenting"
1612,584,"Cold air , Dark night, Warm  fire,  Bright  sTar -  Camping night ğŸ”¥",community,,2024-11-28 12:13:39,2024-11-29 06:44:52,post,public,"automotiveandvehicles,techandcoding","cybersecurity,off-roading"
1615,607,"Don't be alarmed when villagers in Scotland greet you with ""Kind regards"" before dishing out insults â€“ it's just their way of saying hello! ğŸ´ wagordon",community,,2024-11-29 10:32:14,2024-11-30 11:09:54,post,public,entertainment,"comedy,fanclubs(e.g.specificbandsactors)"
1616,607,Pack a swimsuit and a raincoat for Scotland's summer season - you never know whether you'll need to take a dip or dodge droplets on the same day!,community,,2024-11-30 10:31:20,2024-11-30 11:09:59,post,public,"artsandculture,automotiveandvehicles,entertainment","carenthusiasts,comedy,fanclubs(e.g.specificbandsactors),theaterandperformingarts"
1617,607,"Don't worry if you get lost in Venice, it's all part of the charm - just blame it on the ""jolly gondolier""!",community,,2024-12-01 10:31:19,2024-12-11 02:57:49,post,public,"entertainment,familyandparenting","comedy,newparents,singleparenting"
1619,683,My first Pnpm Build in VG and Ever Seems nice!!. fyi also my first post,community,,2024-12-13 03:35:06,2024-12-13 07:07:03,post,public,"creativeartsandcrafts,creativewritingandliterature,professionalandcareer","candlemaking,fictionwriting,jobhunting"
1623,685,"Tech-driven innovation is my compass. Fueled by passion and a relentless pursuit of progress, let's shape a brighter future together.",trip_timeline,,2024-12-13 07:16:59,2024-12-13 07:19:17,post,follows,"creativewritingandliterature,diyandhomeimprovement,financeandinvestment","poetry,realestateinvestment,upcyclingandrecycling"
1625,78,Testing,community,,2024-12-13 10:31:01,2024-12-13 13:34:47,post,public,"creativeartsandcrafts,creativewritingandliterature,petsandanimals","aquariumsandfishkeeping,candlemaking,fictionwriting,petnutritionandhealth,scrapbooking"
1626,584,â€œLost in the beauty of Udaipur.â€,community,,2024-12-17 05:36:09,2024-12-30 15:45:28,post,public,"entertainment,familyandparenting","comedy,newparents,singleparenting"
1627,584,"""Kutch nahi dekha to kuch nahi dekha""",community,,2024-12-20 06:46:00,2024-12-30 15:45:30,post,public,"entertainment,familyandparenting","comedy,newparents,singleparenting,theaterandperformingarts"
1628,78,test,community,,2024-12-24 10:18:36,2024-12-30 15:45:33,post,public,"entertainment,familyandparenting","comedy,newparents,theaterandperformingarts"
1632,78,Test Tag,community,,2024-12-24 12:37:25,2024-12-30 15:45:36,post,public,"automotiveandvehicles,familyandparenting","newparents,off-roading"
1635,142,i just did,community,,2024-12-24 15:01:48,2024-12-30 15:45:43,post,public,"artsandculture,creativeartsandcrafts","culturalfestivals,jewelrymaking"
1636,78,Test,community,,2024-12-27 08:09:49,2024-12-30 15:45:47,post,public,businessandentrepreneurship,"businessnetworking,investmentandventurecapital"
1637,546,Goals,community,,2024-12-27 08:13:06,2024-12-30 15:46:55,post,public,"familyandparenting,personaldevelopmentandself-improvement","productivityhacks,work-lifebalanceforparents"
1638,685,"I have learnt somethings this year, but i no go talk am, make everybody go learn their own ğŸ˜‚ğŸ˜‚ğŸ˜‚",community,,2024-12-30 13:16:02,2024-12-30 15:46:58,post,public,"creativeartsandcrafts,professionalandcareer","candlemaking,industry-specificgroups(e.g.techfinance),jobhunting"
