user_id,bio,gender,country_id,state_id,city_id,following,followers,interest_categories,connections,updated_at
1,,male,161.0,306.0,77002.0,"1, 78, 426, 584, 726, 743","1, 66, 78, 114, 171, 528, 584, 705","Car Enthusiasts, Music and Instrumental, Web Development","1, 78, 426, 584, 726, 743, 1, 66, 78, 114, 171, 528, 584, 705",2025-02-06 04:45:57
2,,,,,,,"66, 584",,"66, 584",2025-01-09 09:23:32
3,,male,161.0,306.0,76932.0,,470,,470,2025-01-09 09:23:32
4,,,,,,,"66, 171",,"66, 171",2025-01-09 09:23:32
7,Why am I not yet a fucking Genius?,male,161.0,306.0,1.0,"49, 66, 75","75, 79, 81, 90, 91, 93, 97, 98, 102, 114, 133, 311",Visual Arts,"49, 66, 75, 75, 79, 81, 90, 91, 93, 97, 98, 102, 114, 133, 311",2025-01-09 09:23:32
9,,,,,,,584,,584,2025-01-09 09:23:32
22,,,,,,,142,,142,2025-01-09 09:23:32
24,,male,161.0,306.0,77002.0,"114, 142","78, 142","Film and Documentary, Literature and Poetry, Music and Instrumental, Theater and Performing Arts","114, 142, 78, 142",2025-01-09 09:23:32
38,,,,,,,153,,153,2025-01-09 09:23:32
39,,,,,,,153,,153,2025-01-09 09:23:32
49,,male,161.0,306.0,76932.0,,7,,7,2025-01-09 09:23:32
51,,,,,,,76,,76,2025-01-09 09:23:32
66,Why am I not yet a fucking Genius?,male,101.0,4008.0,1.0,"1, 2, 4","7, 75, 107, 339, 426","Literature and Poetry, Visual Arts","1, 2, 4, 7, 75, 107, 339, 426",2025-01-09 09:23:32
68,,male,161.0,316.0,76820.0,"78, 142, 426, 546","78, 426, 705","Electric Vehicles, Film and Documentary, Literature and Poetry, Music and Instrumental, Visual Arts","78, 142, 426, 546, 78, 426, 705",2025-01-09 09:23:32
75,,male,161.0,306.0,76932.0,"7, 66","7, 76, 79, 93",,"7, 66, 7, 76, 79, 93",2025-01-09 09:23:32
76,,male,161.0,306.0,76932.0,"51, 75","79, 114",,"51, 75, 79, 114",2025-01-09 09:23:32
78,Stay cheesed up!ggg,female,161.0,306.0,153663.0,"1, 24, 68, 78, 90, 98, 107, 114, 139, 142, 153, 171, 183, 226, 256, 302, 304, 307, 311, 312, 314, 317, 318, 333, 338, 344, 345, 349, 351, 354, 366, 377, 380, 395, 404, 405, 406, 417, 424, 426, 427, 440, 444, 446, 456, 459, 460, 463, 475, 476, 489, 491, 495, 496, 522, 528, 534, 538, 543, 546, 550, 562, 565, 566, 568, 569, 574, 583, 584, 586, 602, 605, 606, 607, 617, 618, 629, 632, 637, 642, 645, 646, 650, 652, 661, 662, 675, 678, 683, 685, 691, 692, 705, 706, 712, 743, 752, 754, 759, 822, 827, 833, 834, 835, 836, 838, 839, 844, 852, 883, 888, 905, 907, 921, 923, 941, 945, 955, 959, 964, 965, 967, 968, 969, 974, 975, 976, 978, 979, 983, 995, 996, 997, 998, 999, 1004, 1007, 1012, 1016, 1019, 1030, 1034, 1035, 1045, 1054, 1057, 1058, 1060, 1064, 1065, 1069, 1071, 1072, 1073, 1077, 1078, 1079, 1080, 1081, 1082, 1083, 1084, 1085, 1096, 1104, 1113, 1115, 1116, 1117, 1122, 1134, 1135, 1137, 1139, 1145, 1151, 1556, 1557, 1569, 1583","1, 68, 78, 139, 142, 161, 312, 345, 346, 349, 351, 377, 395, 420, 423, 424, 426, 440, 441, 444, 445, 446, 447, 449, 456, 459, 475, 489, 490, 495, 496, 528, 534, 535, 543, 546, 548, 553, 562, 563, 565, 566, 567, 568, 570, 571, 572, 581, 583, 584, 601, 605, 607, 617, 637, 642, 649, 650, 652, 673, 677, 678, 683, 685, 692, 706, 707, 754, 757, 759, 762, 815, 835, 839, 844, 883, 905, 919, 921, 941, 945, 959, 964, 965, 967, 968, 974, 975, 976, 978, 979, 983, 995, 996, 997, 999, 1007, 1012, 1030, 1034, 1035, 1045, 1054, 1057, 1058, 1080, 1081, 1082, 1083, 1084, 1085, 1096, 1115, 1116, 1117, 1122, 1135, 1139, 1145, 1151, 1556, 1563, 1569, 1586, 1587, 1589, 1592, 1618, 1639, 1642, 1646, 1649, 1670, 1705","Art Exhibitions, Car Enthusiasts, Car Restoration, Cultural Festivals, Gaming, Literature and Poetry, Sustainable Living Projects, Theater and Performing Arts, Travel Tips and Hacks, Visual Arts","1, 24, 68, 78, 90, 98, 107, 114, 139, 142, 153, 171, 183, 226, 256, 302, 304, 307, 311, 312, 314, 317, 318, 333, 338, 344, 345, 349, 351, 354, 366, 377, 380, 395, 404, 405, 406, 417, 424, 426, 427, 440, 444, 446, 456, 459, 460, 463, 475, 476, 489, 491, 495, 496, 522, 528, 534, 538, 543, 546, 550, 562, 565, 566, 568, 569, 574, 583, 584, 586, 602, 605, 606, 607, 617, 618, 629, 632, 637, 642, 645, 646, 650, 652, 661, 662, 675, 678, 683, 685, 691, 692, 705, 706, 712, 743, 752, 754, 759, 822, 827, 833, 834, 835, 836, 838, 839, 844, 852, 883, 888, 905, 907, 921, 923, 941, 945, 955, 959, 964, 965, 967, 968, 969, 974, 975, 976, 978, 979, 983, 995, 996, 997, 998, 999, 1004, 1007, 1012, 1016, 1019, 1030, 1034, 1035, 1045, 1054, 1057, 1058, 1060, 1064, 1065, 1069, 1071, 1072, 1073, 1077, 1078, 1079, 1080, 1081, 1082, 1083, 1084, 1085, 1096, 1104, 1113, 1115, 1116, 1117, 1122, 1134, 1135, 1137, 1139, 1145, 1151, 1556, 1557, 1569, 1583, 1, 68, 78, 139, 142, 161, 312, 345, 346, 349, 351, 377, 395, 420, 423, 424, 426, 440, 441, 444, 445, 446, 447, 449, 456, 459, 475, 489, 490, 495, 496, 528, 534, 535, 543, 546, 548, 553, 562, 563, 565, 566, 567, 568, 570, 571, 572, 581, 583, 584, 601, 605, 607, 617, 637, 642, 649, 650, 652, 673, 677, 678, 683, 685, 692, 706, 707, 754, 757, 759, 762, 815, 835, 839, 844, 883, 905, 919, 921, 941, 945, 959, 964, 965, 967, 968, 974, 975, 976, 978, 979, 983, 995, 996, 997, 999, 1007, 1012, 1030, 1034, 1035, 1045, 1054, 1057, 1058, 1080, 1081, 1082, 1083, 1084, 1085, 1096, 1115, 1116, 1117, 1122, 1135, 1139, 1145, 1151, 1556, 1563, 1569, 1586, 1587, 1589, 1592, 1618, 1639, 1642, 1646, 1649, 1670, 1705",2025-01-30 11:28:08
79,,male,161.0,306.0,76932.0,"7, 75, 76","81, 90, 91, 97, 100, 102, 114, 183, 302, 304, 426, 705",,"7, 75, 76, 81, 90, 91, 97, 100, 102, 114, 183, 302, 304, 426, 705",2025-01-09 09:23:32
81,,male,161.0,306.0,76932.0,"7, 79",426,,"7, 79, 426",2025-01-09 09:23:32
88,,,,,,,1113,,1113,2025-01-30 11:15:46
90,Yeah yeah,male,161.0,306.0,1.0,"7, 79",78,"Literature and Poetry, Music and Instrumental, Visual Arts","7, 79, 78",2025-01-09 09:23:32
91,,male,101.0,4030.0,134096.0,"7, 79",98,,"7, 79, 98",2025-01-09 09:23:32
93,,male,101.0,4030.0,134096.0,"7, 75",,,"7, 75",2025-01-09 09:23:32
97,,male,1.0,3870.0,71.0,"7, 79","100, 102","Literature and Poetry, Motorcycles, Paper Crafts","7, 79, 100, 102",2025-01-09 09:23:32
98,I enjoy football,male,161.0,306.0,77002.0,"7, 91, 114","78, 183, 307, 366, 405, 424, 426, 566","Automotive News and Reviews, Electric Vehicles, Visual Arts","7, 91, 114, 78, 183, 307, 366, 405, 424, 426, 566",2025-01-09 09:23:32
100,,male,101.0,4030.0,134096.0,"79, 97",,"Literature and Poetry, Visual Arts","79, 97",2025-01-09 09:23:32
101,,male,161.0,306.0,76932.0,,959,,959,2025-01-09 09:23:32
102,,male,161.0,323.0,76927.0,"7, 79, 97","142, 304, 426","Cultural Festivals, Film and Documentary, Music and Instrumental, Theater and Performing Arts","7, 79, 97, 142, 304, 426",2025-01-09 09:23:32
106,,,,,,,346,,346,2025-01-09 09:23:32
107,,female,161.0,293.0,153363.0,"66, 142","78, 142, 426","Anime and Manga, Music and Instrumental, Visual Arts","66, 142, 78, 142, 426",2025-01-09 09:23:32
114,,male,161.0,306.0,1.0,"1, 7, 76, 79","24, 78, 98, 133, 307, 338, 377, 406, 424, 426, 476, 546",Alternative Medicine,"1, 7, 76, 79, 24, 78, 98, 133, 307, 338, 377, 406, 424, 426, 476, 546",2025-01-09 09:23:32
133,,male,161.0,288.0,76902.0,"7, 114",,"Art Exhibitions, Literature and Poetry, Theater and Performing Arts","7, 114",2025-01-09 09:23:32
139,,male,161.0,316.0,76748.0,"78, 685, 959","78, 685, 959","Art Exhibitions, Car Enthusiasts, Car Restoration, Craftsmanship, Cultural Festivals, Electric Vehicles, Film and Documentary, Literature and Poetry, Motorcycles, Music and Instrumental, Theater and Performing Arts, Visual Arts","78, 685, 959, 78, 685, 959",2025-02-05 13:08:45
142,cute looking guy,female,161.0,290.0,76778.0,"22, 24, 78, 102, 107, 142, 183, 226, 256, 426, 546, 607, 650, 683, 685, 728, 743, 883, 964, 1069","24, 68, 78, 107, 142, 183, 226, 256, 302, 304, 307, 311, 314, 317, 318, 333, 338, 339, 344, 377, 380, 404, 424, 426, 427, 440, 441, 444, 463, 522, 543, 546, 548, 565, 566, 569, 584, 754, 919, 941, 945, 955, 959, 964, 967, 968, 983, 1012, 1030, 1058, 1064, 1071, 1085, 1115, 1160, 1592, 1618","Art Exhibitions, Car Restoration, Cultural Festivals, Electric Vehicles, Literature and Poetry, Motorcycles, Off-Roading, Theater and Performing Arts, Visual Arts","22, 24, 78, 102, 107, 142, 183, 226, 256, 426, 546, 607, 650, 683, 685, 728, 743, 883, 964, 1069, 24, 68, 78, 107, 142, 183, 226, 256, 302, 304, 307, 311, 314, 317, 318, 333, 338, 339, 344, 377, 380, 404, 424, 426, 427, 440, 441, 444, 463, 522, 543, 546, 548, 565, 566, 569, 584, 754, 919, 941, 945, 955, 959, 964, 967, 968, 983, 1012, 1030, 1058, 1064, 1071, 1085, 1115, 1160, 1592, 1618",2025-01-16 08:30:51
153,I love myself,male,161.0,306.0,153670.0,"38, 39, 195, 205, 256, 304, 423, 426, 534, 546, 565, 566, 584, 607, 642, 717, 718, 727, 732, 745, 752, 754, 758, 838, 910, 941, 945, 966, 1004, 1057, 1065, 1115, 1122, 1135, 1147","78, 426, 444, 546, 565, 584, 941, 945, 955, 959, 964, 976, 983, 998, 1069, 1096, 1104","Adventure Travel, Art Exhibitions, Astronomy and Space, Biology and Medicine, Computers and Laptops, Craftsmanship, Cultural Festivals, Cultural Travel, Electric Vehicles, Entrepreneurship, Fashion Design, Film and Documentary, Green Building, Human Rights, Literature and Poetry, Meditation and Mindfulness, Mobile App Development, Motorcycles, Motorsport, Niche Collecting (e.g. rare books vintage items), Personal Styling, Running, Smart Home Devices, Specific Fandoms (e.g. Harry Potter Star Wars), Spiritual Growth, Sustainable Agriculture, Swimming, Theater and Performing Arts, Vehicle Maintenance and Repair, Visual Arts, Web Development, Yoga and Spiritual Practices","38, 39, 195, 205, 256, 304, 423, 426, 534, 546, 565, 566, 584, 607, 642, 717, 718, 727, 732, 745, 752, 754, 758, 838, 910, 941, 945, 966, 1004, 1057, 1065, 1115, 1122, 1135, 1147, 78, 426, 444, 546, 565, 584, 941, 945, 955, 959, 964, 976, 983, 998, 1069, 1096, 1104",2025-02-05 09:52:45
161,hhhhhhhhhhhh,male,101.0,4008.0,133504.0,"78, 424, 546, 565, 584","546, 584","Anime and Manga, Automotive News and Reviews, Business Networking, Business Strategy and Management, Car Enthusiasts, Car Restoration, Comedy, E-commerce, Motorcycles, Motorsport, Off-Roading, Startup Founders, Vehicle Maintenance and Repair, Visual Arts","78, 424, 546, 565, 584, 546, 584",2025-01-16 03:23:11
171,,male,161.0,306.0,76932.0,"1, 4",78,"Literature and Poetry, Theater and Performing Arts","1, 4, 78",2025-01-09 09:23:32
176,,,,,,,346,,346,2025-01-09 09:23:32
183,,male,161.0,306.0,153663.0,"79, 98, 142","78, 142, 424, 546, 705","Literature and Poetry, Music and Instrumental, Visual Arts","79, 98, 142, 78, 142, 424, 546, 705",2025-01-09 09:23:32
195,,,,,,,153,,153,2025-01-09 09:23:32
205,,,,,,,153,,153,2025-01-09 09:23:32
226,,female,161.0,289.0,76862.0,142,"78, 142, 426","Furniture Making, Leadership and Mentoring, Marketing and Sales, Scrapbooking","142, 78, 142, 426",2025-01-09 09:23:32
256,,female,161.0,289.0,76861.0,142,"78, 142, 153, 426","Automotive News and Reviews, Craftsmanship, Electric Vehicles, Film and Documentary","142, 78, 142, 153, 426",2025-01-09 09:23:32
260,,male,1.0,3871.0,108.0,,1084,,1084,2025-01-09 09:23:32
302,,male,1.0,3870.0,71.0,"79, 142","78, 426","Child Development, Literature and Poetry, Pottery and Ceramics","79, 142, 78, 426",2025-01-09 09:23:32
304,,male,1.0,3870.0,71.0,"79, 102, 142","78, 153, 329, 344, 426","Baking, Community Service, Gaming, Journaling, Road Trips, Wearable Technology","79, 102, 142, 78, 153, 329, 344, 426",2025-01-09 09:23:32
307,Strong and beautiful,female,161.0,293.0,153363.0,"98, 114, 142","78, 318, 354, 377, 426","Fashion Trends, Haircare, Literature and Poetry, Music and Instrumental, Nutrition and Diet, Skincare and Makeup, Visual Arts","98, 114, 142, 78, 318, 354, 377, 426",2025-01-09 09:23:32
311,,male,1.0,3870.0,71.0,"7, 142",78,"Art Exhibitions, Candle Making, Car Enthusiasts, Car Restoration, Literature and Poetry, Startup Founders, Woodworking","7, 142, 78",2025-01-09 09:23:32
312,,male,161.0,306.0,76932.0,"78, 426, 584","78, 754","Animation and VFX, Beauty Tutorials, Documentary Filmmaking, Family Activities and Outings, Parenting Support Groups, Sustainable Fashion","78, 426, 584, 78, 754",2025-01-09 09:23:32
314,,male,1.0,3870.0,71.0,142,78,"Destination Reviews, Literature and Poetry","142, 78",2025-01-09 09:23:32
315,,,,,,,426,,426,2025-01-09 09:23:32
317,,male,1.0,3870.0,71.0,142,78,"Business Strategy and Management, Nail Art, Publishing and Self-Publishing, Tool and Equipment Reviews","142, 78",2025-01-09 09:23:32
318,,male,1.0,3870.0,71.0,"142, 307",78,"Alternative Medicine, Entrepreneurship, Fiction Writing, Movies and TV Shows, Parenting Support Groups, Stargazing","142, 307, 78",2025-01-09 09:23:32
319,,male,101.0,4008.0,133177.0,,607,,607,2025-01-27 07:32:57
329,,male,36.0,3190.0,9766.0,304,,"Destination Reviews, Gaming, Literature and Poetry",304,2025-01-09 09:23:32
333,,male,1.0,3870.0,71.0,142,78,Film and Documentary,"142, 78",2025-01-09 09:23:32
338,,male,1.0,3870.0,71.0,"114, 142",78,"Literature and Poetry, Music and Instrumental, Visual Arts","114, 142, 78",2025-01-09 09:23:32
339,,male,1.0,3870.0,71.0,"66, 142",,"Gaming, Literature and Poetry, Motorsport","66, 142",2025-01-09 09:23:32
344,,male,1.0,3871.0,108.0,"142, 304","78, 754, 1084","Art Exhibitions, Podcasts","142, 304, 78, 754, 1084",2025-01-09 09:23:32
345,"Live Life, Love Life",male,161.0,306.0,153666.0,"78, 426, 1012","78, 426, 959","Anime and Manga, Comedy, Movies and TV Shows, Music and Concerts, Music and Instrumental","78, 426, 1012, 78, 426, 959",2025-01-09 09:23:32
346,,male,101.0,4008.0,133177.0,"78, 106, 176, 426",546,"Adventure Travel, Car Enthusiasts, Literature and Poetry, Software and Apps","78, 106, 176, 426, 546",2025-01-09 09:23:32
349,,female,161.0,306.0,76864.0,"78, 426",78,"Literature and Poetry, Theater and Performing Arts, Visual Arts","78, 426, 78",2025-02-05 15:13:05
350,,,,,,"743, 910",,,"743, 910",2025-02-03 22:24:22
351,,male,161.0,306.0,76932.0,"78, 351, 424, 426","78, 351, 705","Art Exhibitions, Multilingual Communities, Off-Roading","78, 351, 424, 426, 78, 351, 705",2025-01-09 09:23:32
354,,male,1.0,3870.0,71.0,307,78,"Destination Reviews, History and Archaeology","307, 78",2025-01-09 09:23:32
366,,male,1.0,3870.0,71.0,98,78,"Gaming, Music and Instrumental","98, 78",2025-01-09 09:23:32
377,,male,161.0,316.0,77133.0,"78, 114, 142, 307","78, 424, 426, 459, 542","Car Enthusiasts, Music and Instrumental, Visual Arts","78, 114, 142, 307, 78, 424, 426, 459, 542",2025-01-09 09:23:32
380,,male,161.0,318.0,77127.0,142,"78, 546","Art Exhibitions, Automotive News and Reviews, Visual Arts","142, 78, 546",2025-01-09 09:23:32
395,,male,161.0,297.0,76882.0,78,78,National Parks Exploration,"78, 78",2025-01-09 09:23:32
404,,male,1.0,3870.0,71.0,142,78,Comparative Religion,"142, 78",2025-01-09 09:23:32
405,,male,1.0,3874.0,109.0,98,78,Car Enthusiasts,"98, 78",2025-01-09 09:23:32
406,,male,1.0,3875.0,54.0,114,78,"Freelancing, Gaming","114, 78",2025-01-09 09:23:32
417,,female,161.0,316.0,77123.0,424,78,"Anime and Manga, Electric Vehicles, Music and Instrumental, Visual Arts","424, 78",2025-01-09 09:23:32
420,,male,1.0,3870.0,71.0,78,,"Gaming, Urban Living",78,2025-01-09 09:23:32
423,,male,1.0,3870.0,71.0,78,"153, 426",Startup Founders,"78, 153, 426",2025-01-09 09:23:32
424,,male,161.0,306.0,153663.0,"78, 98, 114, 142, 183, 377","78, 161, 351, 417, 426, 475, 491, 528, 550, 553, 565, 567, 568, 584, 605, 615, 646, 649, 650, 662, 683, 691, 827, 836, 1556","Car Enthusiasts, Cryptocurrency, Gardening, Gourmet Cooking, Motorsport, Movies and TV Shows, Music and Concerts, New Parents, Off-Roading, Programming Languages, Software Engineering, Startup Founders, Stock Market, Vegan and Vegetarian","78, 98, 114, 142, 183, 377, 78, 161, 351, 417, 426, 475, 491, 528, 550, 553, 565, 567, 568, 584, 605, 615, 646, 649, 650, 662, 683, 691, 827, 836, 1556",2025-01-31 10:57:24
426,Hello world!,male,161.0,306.0,76932.0,"66, 68, 78, 79, 81, 98, 102, 107, 114, 142, 153, 226, 256, 302, 304, 307, 315, 345, 377, 423, 424, 470, 490, 534, 562, 565, 566, 584, 586, 607, 650, 678, 711, 727, 852, 955, 964, 1056, 1065, 1081, 1082, 1116","1, 68, 78, 142, 153, 312, 345, 346, 349, 351, 460, 489, 495, 496, 522, 528, 534, 538, 543, 546, 548, 565, 566, 574, 584, 586, 602, 605, 606, 612, 618, 629, 632, 637, 645, 646, 650, 675, 677, 678, 683, 686, 690, 692, 705, 706, 707, 753, 757, 759, 815, 822, 827, 833, 834, 835, 836, 838, 839, 844, 883, 921, 923, 941, 945, 955, 959, 964, 965, 967, 968, 974, 975, 976, 978, 995, 996, 997, 999, 1007, 1012, 1034, 1035, 1045, 1054, 1056, 1058, 1060, 1064, 1065, 1069, 1071, 1072, 1073, 1077, 1078, 1079, 1080, 1081, 1082, 1083, 1085, 1096, 1104, 1115, 1117, 1122, 1137, 1139, 1151, 1556, 1586, 1587, 1589, 1592, 1611, 1636, 1639, 1642, 1646, 1649, 1695, 1699","Art Exhibitions, Craftsmanship, Cultural Festivals, Film and Documentary, Literature and Poetry, Motorcycles, Motorsport, Music and Instrumental, Theater and Performing Arts, Visual Arts","66, 68, 78, 79, 81, 98, 102, 107, 114, 142, 153, 226, 256, 302, 304, 307, 315, 345, 377, 423, 424, 470, 490, 534, 562, 565, 566, 584, 586, 607, 650, 678, 711, 727, 852, 955, 964, 1056, 1065, 1081, 1082, 1116, 1, 68, 78, 142, 153, 312, 345, 346, 349, 351, 460, 489, 495, 496, 522, 528, 534, 538, 543, 546, 548, 565, 566, 574, 584, 586, 602, 605, 606, 612, 618, 629, 632, 637, 645, 646, 650, 675, 677, 678, 683, 686, 690, 692, 705, 706, 707, 753, 757, 759, 815, 822, 827, 833, 834, 835, 836, 838, 839, 844, 883, 921, 923, 941, 945, 955, 959, 964, 965, 967, 968, 974, 975, 976, 978, 995, 996, 997, 999, 1007, 1012, 1034, 1035, 1045, 1054, 1056, 1058, 1060, 1064, 1065, 1069, 1071, 1072, 1073, 1077, 1078, 1079, 1080, 1081, 1082, 1083, 1085, 1096, 1104, 1115, 1117, 1122, 1137, 1139, 1151, 1556, 1586, 1587, 1589, 1592, 1611, 1636, 1639, 1642, 1646, 1649, 1695, 1699",2025-02-05 13:47:59
427,i have a new and improved bio,female,161.0,292.0,76943.0,142,"78, 546, 1113","Car Restoration, Music and Instrumental, Visual Arts","142, 78, 546, 1113",2025-01-09 09:23:32
440,hello  gopaddi,male,101.0,4008.0,133177.0,"78, 142, 584","78, 584, 905","Car Enthusiasts, Environmental Science, Film and Documentary, Goal Setting, Historical Events, Home Renovation, Language Learning (e.g. Spanish French Mandarin), Literature and Poetry, Mental Health Awareness, Skincare and Makeup, Specific Fandoms (e.g. Harry Potter Star Wars), Startup Founders, Stock Market, Visual Arts","78, 142, 584, 78, 584, 905",2025-01-09 09:23:32
441,I am a boss everyday,male,161.0,293.0,153364.0,"78, 142",,"Literature and Poetry, Music and Instrumental, Visual Arts","78, 142",2025-01-09 09:23:34
444,,male,161.0,306.0,76775.0,"78, 142, 153","78, 584","Music and Instrumental, Pottery and Ceramics, Theater and Performing Arts","78, 142, 153, 78, 584",2025-01-09 09:23:34
445,,male,1.0,3870.0,71.0,78,,"Historical Events, Literature and Poetry, Music and Instrumental",78,2025-01-09 09:23:32
446,,male,1.0,3870.0,71.0,78,"78, 754",Literature and Poetry,"78, 78, 754",2025-01-09 09:23:32
447,,male,1.0,3870.0,71.0,78,,Literature and Poetry,78,2025-01-09 09:23:32
449,,male,101.0,4006.0,131520.0,78,,Literature and Poetry,78,2025-01-09 09:23:32
456,,male,1.0,3870.0,71.0,78,78,Literature and Poetry,"78, 78",2025-01-09 09:23:32
459,I'm legend,male,161.0,306.0,76864.0,"78, 377","78, 566","Literature and Poetry, Music and Instrumental, Theater and Performing Arts, Visual Arts","78, 377, 78, 566",2025-02-04 21:07:28
460,,male,101.0,4008.0,133177.0,426,78,"Film and Documentary, Music and Instrumental, Visual Arts","426, 78",2025-01-09 09:23:32
463,,male,161.0,295.0,77001.0,142,"78, 546","Motorcycles, Parenting Teens, Visual Arts","142, 78, 546",2025-01-09 09:23:34
470,test,male,161.0,306.0,76932.0,3,426,,"3, 426",2025-01-31 07:14:23
475,I am LEGEND,male,161.0,316.0,77133.0,"78, 424","78, 754","Art Exhibitions, Literature and Poetry, Music and Instrumental, Screenwriting","78, 424, 78, 754",2025-01-09 09:23:34
476,,male,1.0,3870.0,71.0,114,78,Literature and Poetry,"114, 78",2025-01-09 09:23:32
489,,male,161.0,306.0,76864.0,"78, 426",78,"Literature and Poetry, Motorcycles, Music and Instrumental, Visual Arts","78, 426, 78",2025-01-09 09:23:34
490,,female,161.0,306.0,153666.0,78,426,"Car Enthusiasts, Haircare, Music and Instrumental, Skincare and Makeup","78, 426",2025-01-09 09:23:34
491,,male,6.0,492.0,10.0,424,78,Art Exhibitions,"424, 78",2025-01-09 09:23:32
495,,male,101.0,4008.0,133177.0,"78, 426, 584",78,"Business Strategy and Management, Cycling, Literature and Poetry, Physical Fitness Challenges","78, 426, 584, 78",2025-01-09 09:23:32
496,,male,101.0,4008.0,133177.0,"78, 426","78, 566, 584, 1064","Adventure Travel, Astronomy and Space, Camping and Backpacking, Car Enthusiasts, Dog Owners, Entrepreneurship, Environmental Activism, Fiction Writing, Gardening, Goal Setting, Gourmet Cooking, Historical Events, Home Renovation, Independent Filmmaking, Language Learning (e.g. Spanish French Mandarin), Literature and Poetry, Meditation and Mindfulness, Mental Health Awareness, Movies and TV Shows, New Parents, Nutrition and Diet, Parenting, Pottery and Ceramics, Renewable Energy, Running, Skincare and Makeup, Smartphones and Mobile Devices, Specific Fandoms (e.g. Harry Potter Star Wars), Startup Founders, Stock Market, Web Development","78, 426, 78, 566, 584, 1064",2025-01-09 09:23:32
522,j,male,101.0,4008.0,133177.0,"142, 426, 546",78,"Anime and Manga, DIY Home Decor, Electric Vehicles, Leadership and Mentoring, Non-Fiction Writing, Parenting Support Groups, Podcast Production","142, 426, 546, 78",2025-01-09 09:23:32
528,I love myself,male,161.0,306.0,77002.0,"1, 78, 424, 426, 546, 584","78, 546","Cultural Travel, Literature and Poetry, Motorsport, Visual Arts","1, 78, 424, 426, 546, 584, 78, 546",2025-02-05 13:47:15
534,"A living Legend, and a Liverpool Fan loving big things",male,161.0,306.0,153671.0,"78, 426, 646, 743, 941, 959, 1071","78, 153, 426, 705, 959","Business Networking, Leadership and Mentoring, Literary Analysis, Marketing and Sales, Movies and TV Shows, Music and Concerts, Music and Instrumental, Small Business Owners, Startup Founders","78, 426, 646, 743, 941, 959, 1071, 78, 153, 426, 705, 959",2025-01-09 09:23:34
535,,male,161.0,288.0,76788.0,78,,Literature and Poetry,78,2025-01-09 09:23:34
538,,male,161.0,288.0,76788.0,426,78,Off-Roading,"426, 78",2025-01-09 09:23:34
542,,male,101.0,4008.0,133177.0,377,,Theater and Performing Arts,377,2025-01-09 09:23:32
543,,male,161.0,300.0,76977.0,"78, 142, 426, 543","78, 543, 546, 566, 964","Computers and Laptops, Data Science and Machine Learning, Programming Languages","78, 142, 426, 543, 78, 543, 546, 566, 964",2025-01-16 08:29:28
546,,female,161.0,306.0,153673.0,"78, 114, 142, 153, 161, 183, 346, 380, 426, 427, 463, 528, 543, 562, 565, 607, 629, 650, 661, 685, 726, 727, 743, 910, 941, 964, 974, 998, 1016, 1117, 1147","68, 78, 142, 153, 161, 522, 528, 565, 566, 583, 617, 650, 661, 685, 941, 945, 959, 964, 965, 974, 975, 1004, 1012, 1030, 1054, 1060, 1065, 1072, 1073, 1096, 1134, 1139, 1664, 1705","Art Exhibitions, Budget Travel, Business Networking, Fashion and Style, Industry-Specific Groups (e.g. tech finance), Life Skills, Luxury Travel, Personal Development, Travel Photography, Travel Tips and Hacks, Woodworking, Work-Life Balance","78, 114, 142, 153, 161, 183, 346, 380, 426, 427, 463, 528, 543, 562, 565, 607, 629, 650, 661, 685, 726, 727, 743, 910, 941, 964, 974, 998, 1016, 1117, 1147, 68, 78, 142, 153, 161, 522, 528, 565, 566, 583, 617, 650, 661, 685, 941, 945, 959, 964, 965, 974, 975, 1004, 1012, 1030, 1054, 1060, 1065, 1072, 1073, 1096, 1134, 1139, 1664, 1705",2025-02-03 12:58:09
548,,,,,,"78, 142, 426",,"Software and Apps, Travel Tips and Hacks, Virtual Reality (VR) and Augmented Reality (AR)","78, 142, 426",2025-01-09 09:23:32
550,,male,101.0,4008.0,133177.0,424,78,"Jewelry Making, Physical Fitness Challenges, Visual Arts","424, 78",2025-01-09 09:23:32
553,,male,101.0,4008.0,133177.0,"78, 424",,"Cultural Festivals, Visual Arts","78, 424",2025-01-09 09:23:32
562,,male,161.0,306.0,153666.0,78,"78, 426, 546","Adventure Travel, Body Positivity, Language Learning (e.g. Spanish French Mandarin), Time Management","78, 78, 426, 546",2025-01-30 12:20:43
563,,male,101.0,4008.0,133177.0,78,,"Literature and Poetry, Small Business Owners, Startup Founders",78,2025-01-09 09:23:32
565,Art.,male,161.0,306.0,76932.0,"78, 142, 153, 424, 426, 546, 607","78, 153, 161, 426, 546, 571, 637, 650, 683, 690, 827, 839, 1065, 1069","Adventure Travel, Animation and VFX, Art Exhibitions, Book Clubs, Car Enthusiasts, Cinematography, Comedy, Craftsmanship, Cultural Festivals, Cultural Studies, Cultural Travel, DIY and Crafts, Documentary Filmmaking, Fiction Writing, Film and Documentary, Historical Events, Independent Filmmaking, Language Learning (e.g. Spanish French Mandarin), Language Teaching Resources, Leadership and Mentoring, Linguistics, Literary Analysis, Literature and Poetry, Marketing and Sales, Media Critique and Analysis, Movies and TV Shows, Multilingual Communities, Music and Concerts, Music and Instrumental, Non-Fiction Writing, Personal Styling, Photography, Poetry, Publishing and Self-Publishing, Reading and Book Clubs, Screenwriting, Theater and Performing Arts, Video Editing, Visual Arts, Writing Prompts and Challenges, Writing Workshops","78, 142, 153, 424, 426, 546, 607, 78, 153, 161, 426, 546, 571, 637, 650, 683, 690, 827, 839, 1065, 1069",2025-01-09 09:23:34
566,Help....,male,161.0,306.0,77002.0,"78, 98, 142, 426, 459, 496, 543, 546, 583, 607, 618, 629, 705, 838, 974","78, 153, 426","Adventure Travel, Budget Travel, Cinematography, Computers and Laptops, Cultural Travel, Educational Courses and Tutorials, Luxury Travel, Martial Arts, Music and Concerts, Travel Tips and Hacks","78, 98, 142, 426, 459, 496, 543, 546, 583, 607, 618, 629, 705, 838, 974, 78, 153, 426",2025-01-28 10:54:53
567,,male,101.0,4030.0,134096.0,"78, 424",,"Business Networking, Jewelry Making, Visual Arts","78, 424",2025-01-09 09:23:32
568,,male,161.0,306.0,76864.0,"78, 424",78,"Literature and Poetry, Music and Instrumental, Visual Arts","78, 424, 78",2025-01-09 09:23:34
569,i am a boy,male,161.0,289.0,76784.0,142,78,"Investment and Venture Capital, Marketing and Sales, Music and Instrumental, Small Business Owners, Visual Arts","142, 78",2025-01-09 09:23:34
570,,male,101.0,4008.0,133177.0,78,,Literature and Poetry,78,2025-01-09 09:23:32
571,,male,101.0,4008.0,133177.0,"78, 565",,"Jewelry Making, Motorsport, Visual Arts","78, 565",2025-01-09 09:23:32
572,,male,101.0,4008.0,133177.0,78,,"Book Clubs, Gaming, Motorsport",78,2025-01-09 09:23:32
574,,male,161.0,293.0,153369.0,426,"78, 754","Car Enthusiasts, Cryptocurrency, Food Photography","426, 78, 754",2025-01-09 09:23:34
581,,male,101.0,4008.0,133177.0,78,,"Bird Watching, Car Enthusiasts, Chronic Illness Support, Climate Change Action, Documentary Filmmaking, Educational Courses and Tutorials, Fan Clubs (e.g. specific bands actors), Fiction Writing, Gardening, Gourmet Cooking, Historical Events, Home Renovation, Independent Filmmaking, Jewelry Making, Language Learning (e.g. Spanish French Mandarin), Leadership and Mentoring, Life Skills, Literature and Poetry, Martial Arts, New Parents, Programming Languages, Single Parenting, Skincare and Makeup, Software and Apps, Spiritual Healing, Sustainable Living, Travel Photography, Urban Living",78,2025-01-09 09:23:32
583,,female,161.0,306.0,153683.0,"78, 546","78, 566","Cooking and Baking, DIY and Crafts, DIY Home Decor, Fashion Design, Fiction Writing, Furniture Making, Gardening, Home Renovation, Landscaping and Gardening, Nutrition and Diet, Personal Development, Photography, Podcast Production, Sleep and Relaxation, Sustainable Fashion","78, 546, 78, 566",2025-02-04 10:33:46
584,HELLOW India,male,101.0,4008.0,133504.0,"1, 2, 9, 78, 142, 153, 161, 424, 426, 440, 444, 496, 606, 613, 633, 650, 729, 732, 759, 844, 941, 974, 979, 1012","1, 78, 153, 161, 312, 426, 440, 495, 528, 606, 607, 612, 613, 633, 634, 637, 645, 650, 678, 683, 686, 712, 753, 754, 759, 827, 833, 834, 836, 844, 852, 888, 905, 907, 913, 941, 945, 955, 959, 964, 967, 968, 969, 983, 998, 1012, 1019, 1034, 1035, 1056, 1064, 1065, 1069, 1071, 1077, 1078, 1117, 1122, 1139, 1569, 1592, 1611, 1636, 1646, 1695","Adventure Travel, Astronomy and Space, Camping and Backpacking, Dog Owners, Entrepreneurship, Environmental Activism, Fishing and Hunting, Gourmet Cooking, Independent Filmmaking, Language Learning (e.g. Spanish French Mandarin), Leadership and Mentoring, Linguistics, Literature and Poetry, Nutrition and Diet, Pottery and Ceramics, Renewable Energy, Running, Skincare and Makeup, Theater and Performing Arts, Web Development","1, 2, 9, 78, 142, 153, 161, 424, 426, 440, 444, 496, 606, 613, 633, 650, 729, 732, 759, 844, 941, 974, 979, 1012, 1, 78, 153, 161, 312, 426, 440, 495, 528, 606, 607, 612, 613, 633, 634, 637, 645, 650, 678, 683, 686, 712, 753, 754, 759, 827, 833, 834, 836, 844, 852, 888, 905, 907, 913, 941, 945, 955, 959, 964, 967, 968, 969, 983, 998, 1012, 1019, 1034, 1035, 1056, 1064, 1065, 1069, 1071, 1077, 1078, 1117, 1122, 1139, 1569, 1592, 1611, 1636, 1646, 1695",2025-02-05 08:01:32
586,,male,161.0,306.0,153681.0,426,"78, 426, 705","Automotive News and Reviews, Craftsmanship, Cultural Festivals, Film and Documentary, Motorcycles, Motorsport, Music and Instrumental, Theater and Performing Arts","426, 78, 426, 705",2025-01-09 09:23:34
601,,male,101.0,4008.0,133177.0,78,,Literature and Poetry,78,2025-01-09 09:23:32
602,,male,101.0,4008.0,133177.0,426,78,Virtual Reality (VR) and Augmented Reality (AR),"426, 78",2025-01-09 09:23:32
605,sxs,male,101.0,4008.0,133177.0,"78, 424, 426",78,"Renewable Energy, Running, Wearable Technology, Web Development","78, 424, 426, 78",2025-01-09 09:23:32
606,,male,101.0,4008.0,133177.0,"426, 584","78, 584, 705, 759","Car Enthusiasts, Mathematics, Team Sports (e.g. soccer basketball)","426, 584, 78, 584, 705, 759",2025-01-09 09:23:32
607,"Making sense of the world, one trip at a time",male,101.0,4008.0,133177.0,"78, 319, 584, 607, 661","78, 142, 153, 426, 546, 565, 566, 607, 661, 754, 759, 905, 959, 1016, 1064, 1084, 1705","Adventure Travel, Animal Rescue and Adoption, Aquariums and Fishkeeping, Bird Watching, Budget Travel, Car Enthusiasts, Car Restoration, Coffee Lovers, Computers and Laptops, Cryptocurrency, Cultural Festivals, Cultural Travel, Data Science and Machine Learning, Dating and Relationships, Destination Reviews, Dog Owners, Eco-Friendly Products, Fashion Trends, Film and Documentary, Food Photography, Gaming, Gardening, Goal Setting, Gourmet Cooking, Hackathons and Coding Challenges, Home Renovation, Investment and Venture Capital, Luxury Travel, Mental Health, Motorsport, Music and Instrumental, Nature Photography, Nutrition and Diet, Off-Roading, Personal Styling, Photography, Programming Languages, Real Estate Investment, Restaurant Reviews, Road Trips, Rock Climbing, Smartphones and Mobile Devices, Software Engineering, Sports Psychology, Startup Founders, Stock Market, Swimming, Team Sports (e.g. soccer basketball), Travel Photography, Travel Tips and Hacks, Vegan and Vegetarian, Vehicle Maintenance and Repa","78, 319, 584, 607, 661, 78, 142, 153, 426, 546, 565, 566, 607, 661, 754, 759, 905, 959, 1016, 1064, 1084, 1705",2025-01-09 09:23:32
612,,male,101.0,4008.0,133177.0,"426, 584",,"Literature and Poetry, Visual Arts","426, 584",2025-01-09 09:23:32
613,,male,101.0,4008.0,57589.0,584,584,Motorcycles,"584, 584",2025-01-09 09:23:32
615,,female,161.0,306.0,77002.0,424,,"Baking, DIY Home Decor, Fashion Design, Home Renovation, Nutrition and Diet, Personal Development, Personal Styling, Sustainable Fashion",424,2025-01-09 09:23:34
617,,female,161.0,306.0,153673.0,"78, 546","78, 754","Book Clubs, Budgeting and Saving, Cooking and Baking, Cryptocurrency, DIY and Crafts, DIY Home Decor, Eco-Friendly Living, Fashion and Style, Fashion Design, Fashion Trends, Fiction Writing, Financial Independence, Gaming, Gardening, Haircare, Home Decor and Interior Design, Investment Strategies, Knitting and Sewing, Landscaping and Gardening, Language Learning (e.g. Spanish French Mandarin), Minimalism, Music and Concerts, Nutrition and Diet, Painting and Drawing, Personal Development, Personal Finance, Personal Finance Management, Personal Styling, Photography, Podcasts, Real Estate Investment, Skincare and Makeup, Sleep and Relaxation, Stock Market, Sustainable Fashion, Sustainable Living Projects, Upcycling and Recycling","78, 546, 78, 754",2025-01-09 09:23:34
618,,male,232.0,2338.0,51532.0,426,"78, 566, 632, 705","Art Exhibitions, Business Strategy and Management, Car Enthusiasts, Car Restoration, Craftsmanship, E-commerce, Educational Courses and Tutorials, Electric Vehicles, Film and Documentary, Investment and Venture Capital, Literature and Poetry, Marketing and Sales, Motorcycles, Motorsport, Music and Instrumental, Startup Founders, Theater and Performing Arts, Vehicle Maintenance and Repair, Visual Arts","426, 78, 566, 632, 705",2025-01-15 10:10:18
629,,female,161.0,294.0,76967.0,426,"78, 546, 566","Business Strategy and Management, Leadership and Mentoring, Marketing and Sales","426, 78, 546, 566",2025-01-09 09:23:34
632,chimm,female,161.0,291.0,77021.0,"426, 618","78, 959","Car Restoration, Electric Vehicles, Film and Documentary","426, 618, 78, 959",2025-02-05 11:48:59
633,,male,101.0,4008.0,133177.0,584,584,"Car Enthusiasts, Literature and Poetry, Startup Founders","584, 584",2025-01-09 09:23:32
634,,male,101.0,4008.0,133177.0,584,,"Car Enthusiasts, Literature and Poetry, Startup Founders",584,2025-01-09 09:23:32
637,,male,161.0,306.0,153673.0,"78, 426, 565, 584","78, 705","Comedy, E-commerce, Fashion Design, Leadership and Mentoring, Motorsport, Music and Concerts, Music and Instrumental, Pottery and Ceramics","78, 426, 565, 584, 78, 705",2025-01-09 09:23:34
642,,male,101.0,4008.0,133177.0,78,"78, 153",Literature and Poetry,"78, 78, 153",2025-01-09 09:23:32
645,,male,101.0,4008.0,133177.0,"426, 584",78,"Car Enthusiasts, Literature and Poetry, Startup Founders","426, 584, 78",2025-01-09 09:23:32
646,edssd,male,101.0,4008.0,133177.0,"424, 426","78, 534","Car Enthusiasts, Cultural Travel, Literature and Poetry, Luxury Travel, Music and Concerts, Startup Founders, Travel Photography, Vehicle Maintenance and Repair","424, 426, 78, 534",2025-01-09 09:23:32
649,,male,101.0,4008.0,133177.0,"78, 424",,"Car Enthusiasts, Literature and Poetry, Startup Founders","78, 424",2025-01-09 09:23:32
650,no coment,male,161.0,4926.0,148541.0,"78, 424, 426, 546, 565, 584, 650","78, 142, 426, 546, 584, 650, 683, 692, 707, 752, 757, 834, 852, 964, 1012, 1072","Anime and Manga, Art Exhibitions, Automotive News and Reviews, Book Clubs, Business Networking, Business Strategy and Management, Car Enthusiasts, Car Restoration, Celebrity News and Gossip, Comedy, Craftsmanship, Cultural Festivals, DIY Home Decor, E-commerce, Electric Vehicles, Fan Clubs (e.g. specific bands actors), Fiction Writing, Film and Documentary, Furniture Making, Home Renovation, Investment and Venture Capital, Landscaping and Gardening, Leadership and Mentoring, Literary Analysis, Literature and Poetry, Marketing and Sales, Motorcycles, Motorsport, Movies and TV Shows, Music and Concerts, Music and Instrumental, Non-Fiction Writing, Off-Roading, Plumbing and Electrical Projects, Podcasts, Poetry, Publishing and Self-Publishing, Small Business Owners, Startup Founders, Sustainable Living Projects, Theater and Performing Arts, Tool and Equipment Reviews, Upcycling and Recycling, Vehicle Maintenance and Repair, Visual Arts, Writing Prompts and Challenges, Writing Workshops","78, 424, 426, 546, 565, 584, 650, 78, 142, 426, 546, 584, 650, 683, 692, 707, 752, 757, 834, 852, 964, 1012, 1072",2025-01-26 09:26:44
652,,male,101.0,4008.0,133177.0,78,78,Literature and Poetry,"78, 78",2025-01-09 09:23:32
661,,female,161.0,306.0,153673.0,"546, 607, 959","78, 546, 607, 959","Adventure Travel, Budget Travel, Cultural Travel, Exotic Pets, Furniture Making, Literature and Poetry, Writing Prompts and Challenges, Writing Workshops","546, 607, 959, 78, 546, 607, 959",2025-01-09 09:23:34
662,,male,161.0,288.0,76969.0,424,78,"Film and Documentary, Literature and Poetry, Music and Instrumental","424, 78",2025-01-09 09:23:34
673,,male,1.0,3872.0,104.0,78,,"Literature and Poetry, Motorcycles, Vehicle Maintenance and Repair",78,2025-01-09 09:23:32
675,I am a fucking genius,male,161.0,306.0,76932.0,426,78,"Car Enthusiasts, Cultural Festivals, Music and Instrumental","426, 78",2025-01-09 09:23:34
677,,male,161.0,306.0,153666.0,"78, 426",,"Anime and Manga, Car Enthusiasts, Electric Vehicles, Fiction Writing, Movies and TV Shows, Music and Concerts, Music and Instrumental, Painting and Drawing, Visual Arts","78, 426",2025-01-09 09:23:34
678,baddest producer on the block,male,161.0,306.0,153666.0,"78, 426, 584, 974, 1060","78, 426, 705","Anime and Manga, Art Exhibitions, Car Enthusiasts, Motorsport, Movies and TV Shows, Music and Concerts, Music and Instrumental, Visual Arts","78, 426, 584, 974, 1060, 78, 426, 705",2025-02-04 10:35:14
683,,male,161.0,306.0,153663.0,"78, 424, 426, 565, 584, 650, 717, 718, 732, 749, 899, 910, 966, 1019, 1086, 1147","78, 142, 690, 692, 705, 833","Car Enthusiasts, Car Restoration, Electric Vehicles, Literature and Poetry, Motorcycles, Music and Instrumental, Visual Arts","78, 424, 426, 565, 584, 650, 717, 718, 732, 749, 899, 910, 966, 1019, 1086, 1147, 78, 142, 690, 692, 705, 833",2025-01-09 09:23:34
685,,male,161.0,293.0,153369.0,"78, 139, 546, 685, 754","78, 139, 142, 546, 685, 1557","Business Networking, Business Strategy and Management, Car Enthusiasts, Craftsmanship, E-commerce, Film and Documentary, Investment and Venture Capital, Leadership and Mentoring, Marketing and Sales, Motorsport, Music and Instrumental, Small Business Owners, Startup Founders, Theater and Performing Arts","78, 139, 546, 685, 754, 78, 139, 142, 546, 685, 1557",2025-01-09 09:23:34
686,,male,101.0,4008.0,133177.0,"426, 584",,"Car Enthusiasts, Fiction Writing, Home Renovation, Literature and Poetry, Movies and TV Shows, Pottery and Ceramics, Startup Founders","426, 584",2025-01-09 09:23:32
690,,,,,,"426, 565, 683",,"Automotive News and Reviews, Vehicle Maintenance and Repair, Visual Arts","426, 565, 683",2025-01-09 09:23:32
691,,male,161.0,299.0,77025.0,424,78,"Film and Documentary, Music and Instrumental, Vehicle Maintenance and Repair, Work-Life Balance for Parents","424, 78",2025-01-09 09:23:34
692,,male,161.0,306.0,77002.0,"78, 426, 650, 683","78, 754","Literature and Poetry, Motorcycles, Vehicle Maintenance and Repair","78, 426, 650, 683, 78, 754",2025-01-09 09:23:34
705,,male,161.0,306.0,76932.0,"1, 68, 79, 183, 351, 426, 534, 586, 606, 618, 637, 678, 683, 706, 759, 815, 921, 941, 955, 967, 968, 974, 976, 995, 1030, 1082","78, 566","Art Exhibitions, Cultural Festivals, Electric Vehicles, Theater and Performing Arts, Visual Arts","1, 68, 79, 183, 351, 426, 534, 586, 606, 618, 637, 678, 683, 706, 759, 815, 921, 941, 955, 967, 968, 974, 976, 995, 1030, 1082, 78, 566",2025-01-29 11:36:37
706,I am a product designer,male,161.0,309.0,76752.0,"78, 426, 711, 923","78, 705, 923","Comedy, Poetry, Running","78, 426, 711, 923, 78, 705, 923",2025-01-10 04:53:52
707,,,,,,"78, 426, 650",,"Car Restoration, Cultural Festivals, Investment and Venture Capital, Marketing and Sales, Vehicle Maintenance and Repair, Visual Arts","78, 426, 650",2025-01-09 09:23:32
711,Ãœbermensch,male,56.0,272.0,21867.0,,"426, 706, 923","Business Networking, Electric Vehicles, Scrapbooking, Startup Founders","426, 706, 923",2025-01-09 09:23:32
712,,male,161.0,288.0,76897.0,584,78,"Literature and Poetry, Music and Instrumental, Visual Arts","584, 78",2025-01-09 09:23:34
717,,,,,,,"153, 683",,"153, 683",2025-02-05 10:30:58
718,,,,,,,"153, 683",,"153, 683",2025-02-05 10:30:58
726,,,,,,,"1, 546, 752, 941, 1636",,"1, 546, 752, 941, 1636",2025-02-05 10:30:58
727,,,,,,,"153, 426, 546",,"153, 426, 546",2025-02-05 10:30:58
728,,,,,,,142,,142,2025-02-05 10:30:58
729,,,,,,,584,,584,2025-02-05 10:30:58
732,,,,,,,"153, 584, 683, 752, 1145",,"153, 584, 683, 752, 1145",2025-02-05 10:30:58
743,,,,,,,"1, 78, 142, 350, 534, 546, 752, 941, 1016",,"1, 78, 142, 350, 534, 546, 752, 941, 1016",2025-02-05 10:30:58
745,,,,,,,153,,153,2025-02-05 10:30:58
749,,,,,,,683,,683,2025-02-05 10:30:58
752,,male,161.0,294.0,76970.0,"650, 726, 732, 743, 910, 913, 966, 1086","78, 153, 913","Film and Documentary, Music and Instrumental, Visual Arts","650, 726, 732, 743, 910, 913, 966, 1086, 78, 153, 913",2025-01-09 09:23:34
753,hello  tejas  is here,male,101.0,4008.0,133177.0,"426, 584",,"Car Enthusiasts, Home Renovation, Startup Founders","426, 584",2025-01-23 10:50:06
754,,male,161.0,306.0,153662.0,"78, 142, 312, 344, 446, 475, 574, 584, 607, 617, 692, 1007, 1030, 1045, 1057, 1058, 1122, 1135","78, 153, 685","Automotive News and Reviews, Car Enthusiasts, Film and Documentary, Literature and Poetry, Music and Instrumental, Off-Roading","78, 142, 312, 344, 446, 475, 574, 584, 607, 617, 692, 1007, 1030, 1045, 1057, 1058, 1122, 1135, 78, 153, 685",2025-01-29 14:58:01
757,,,,,,"78, 426, 650",,"Car Restoration, Electric Vehicles, Music and Instrumental","78, 426, 650",2025-01-09 09:23:32
758,,,,,,,153,,153,2025-01-09 09:23:32
759,,male,101.0,4008.0,133177.0,"78, 426, 584, 606, 607, 815, 1057","78, 584, 705","Music and Concerts, Music and Instrumental, Writing Prompts and Challenges","78, 426, 584, 606, 607, 815, 1057, 78, 584, 705",2025-01-13 07:05:22
762,in christ alone,male,161.0,306.0,153673.0,78,,"Art Exhibitions, Automotive News and Reviews, Car Enthusiasts, Car Restoration, Craftsmanship, Cultural Festivals, Electric Vehicles, Film and Documentary, Literature and Poetry, Motorcycles, Motorsport, Music and Instrumental, Off-Roading, Theater and Performing Arts, Vehicle Maintenance and Repair, Visual Arts",78,2025-01-09 09:23:34
815,,male,101.0,4021.0,131821.0,"78, 426","705, 759, 959","Automotive News and Reviews, Film and Documentary, Publishing and Self-Publishing","78, 426, 705, 759, 959",2025-01-09 09:23:32
822,Peace and Quiet,male,161.0,306.0,153673.0,426,78,"Family Activities and Outings, Fiction Writing, Literature and Poetry, Pottery and Ceramics","426, 78",2025-01-30 09:27:36
827,,male,161.0,306.0,77002.0,"424, 426, 565, 584",78,"Art Exhibitions, Car Restoration, Visual Arts","424, 426, 565, 584, 78",2025-01-09 09:23:34
833,,male,161.0,306.0,77002.0,"426, 584, 683",78,"Automotive News and Reviews, Motorcycles, Small Business Owners, Theater and Performing Arts, Visual Arts","426, 584, 683, 78",2025-01-09 09:23:34
834,,male,161.0,289.0,76750.0,"426, 584, 650",78,"Car Restoration, E-commerce, Electric Vehicles, Marketing and Sales, Music and Instrumental, Theater and Performing Arts","426, 584, 650, 78",2025-01-09 09:23:34
835,,male,161.0,293.0,153363.0,"78, 426",78,"Art Exhibitions, Craftsmanship, Cultural Festivals","78, 426, 78",2025-01-09 09:23:34
836,Hello World,male,161.0,291.0,77021.0,"424, 426, 584",78,"Automotive News and Reviews, Literature and Poetry, Music and Instrumental, Off-Roading, Small Business Owners, Startup Founders, Visual Arts","424, 426, 584, 78",2025-01-09 09:23:34
838,,female,161.0,306.0,153673.0,426,"78, 153, 566","Ancient Civilizations, Art Exhibitions, Automotive News and Reviews, Baking, Beauty Tutorials, Book Clubs, Business Networking, Business Strategy and Management, Car Enthusiasts, Coffee Lovers, Comedy, Cooking and Baking, Craftsmanship, Cryptocurrency, Cultural Festivals, Cultural Studies, DIY Home Decor, Electric Vehicles, Fashion Design, Fashion Trends, Film and Documentary, Financial Independence, Fitness Challenges, Food Photography, Furniture Making, Gourmet Cooking, Haircare, Historical Events, Historical Reenactments, Home Renovation, International Cuisine, Investment and Venture Capital, Investment Strategies, Knitting and Sewing, Landscaping and Gardening, Language Learning (e.g. Spanish French Mandarin), Leadership and Mentoring, Literature and Poetry, Marketing and Sales, Movies and TV Shows, Music and Concerts, Music and Instrumental, Nail Art, Personal Development, Personal Finance Management, Personal Styling, Photography, Podcasts, Preservation and Restoration, Reading and Book Clubs, Real Esta","426, 78, 153, 566",2025-01-09 09:23:34
839,,male,161.0,306.0,77002.0,"78, 426, 565",78,"Literature and Poetry, Music and Instrumental, Visual Arts","78, 426, 565, 78",2025-01-09 09:23:34
844,,male,101.0,4008.0,133177.0,"78, 426, 584","78, 584","Adventure Travel, Celebrity News and Gossip, Fiction Writing, Literature and Poetry, Skincare and Makeup, Stock Market, Sustainable Fashion","78, 426, 584, 78, 584",2025-01-09 09:23:32
852,,male,101.0,4008.0,133177.0,"584, 650","78, 426","Car Enthusiasts, Car Restoration, Motorcycles, Motorsport, Off-Roading","584, 650, 78, 426",2025-01-09 09:23:32
883,,female,161.0,293.0,153363.0,"78, 426","78, 142","Fashion and Style, Fashion Design, Fashion Trends, Music and Instrumental, Skincare and Makeup","78, 426, 78, 142",2025-01-09 09:23:34
888,,male,101.0,4014.0,134250.0,584,78,"Adventure Travel, Business Networking, Camping and Backpacking, Car Enthusiasts, Educational Courses and Tutorials, Exotic Pets, Literary Analysis, Literature and Poetry, Networking, Niche Collecting (e.g. rare books vintage items), Textile Arts, Urban Living","584, 78",2025-01-09 09:23:32
899,,,,,,,683,,683,2025-02-05 10:30:58
905,,male,101.0,4008.0,133177.0,"78, 440, 584, 607",78,"Educational Resources for Kids, Family Activities and Outings, Gardening, Literature and Poetry, Skincare and Makeup, Startup Founders","78, 440, 584, 607, 78",2025-01-09 09:23:32
907,,male,101.0,4008.0,133177.0,584,78,"Business Strategy and Management, Cinematography, Collecting (e.g. stamps coins), Dating and Relationships, Educational Resources for Kids, Fiction Writing, Language Teaching Resources, Literature and Poetry, Pottery and Ceramics, Restaurant Reviews","584, 78",2025-01-09 09:23:32
910,,,,,,,"153, 350, 546, 683, 752, 941",,"153, 350, 546, 683, 752, 941",2025-02-05 10:30:58
913,,female,161.0,290.0,76824.0,"584, 752",752,"Craftsmanship, Motorcycles, Music and Instrumental, Theater and Performing Arts, Visual Arts","584, 752, 752",2025-01-29 10:18:25
917,,,,,,,1079,,1079,2025-01-09 09:23:32
919,,male,161.0,306.0,76932.0,"78, 142",,"Fiction Writing, Literature and Poetry, Motorcycles, Non-Fiction Writing, Poetry","78, 142",2025-01-29 11:02:58
921,,male,161.0,306.0,77002.0,"78, 426","78, 705","Cryptocurrency, Film and Documentary, Music and Instrumental","78, 426, 78, 705",2025-01-09 09:23:34
923,,male,161.0,296.0,76906.0,"426, 706, 711, 1012","78, 706","Art Exhibitions, Electric Vehicles, Film and Documentary, Visual Arts","426, 706, 711, 1012, 78, 706",2025-01-09 09:23:34
941,Travel and Relaxation,male,161.0,306.0,153666.0,"78, 142, 153, 426, 546, 584, 726, 743, 910","78, 153, 534, 546, 584, 705, 959, 969, 1064","Automotive News and Reviews, Business Networking, Business Strategy and Management, Car Enthusiasts, Craftsmanship, Cultural Festivals, E-commerce, Electric Vehicles, Fashion Trends, Film and Documentary, Investment and Venture Capital, Leadership and Mentoring, Literature and Poetry, Marketing and Sales, Motorcycles, Movies and TV Shows, Music and Concerts, Music and Instrumental, Personal Styling, Small Business Owners, Startup Founders, Theater and Performing Arts, Visual Arts","78, 142, 153, 426, 546, 584, 726, 743, 910, 78, 153, 534, 546, 584, 705, 959, 969, 1064",2025-01-09 09:23:34
945,,male,101.0,4008.0,133504.0,"78, 142, 153, 426, 546, 584","78, 153","Art Exhibitions, Automotive News and Reviews, Car Enthusiasts, Car Restoration, Craftsmanship, Cultural Festivals, Electric Vehicles, Film and Documentary, Literature and Poetry, Motorcycles, Motorsport, Music and Instrumental, Off-Roading, Theater and Performing Arts, Visual Arts","78, 142, 153, 426, 546, 584, 78, 153",2025-01-09 09:23:32
955,,male,101.0,4008.0,133177.0,"142, 153, 426, 584","78, 426, 705","Art Exhibitions, Car Enthusiasts, Literature and Poetry, Motorcycles, Off-Roading, Vehicle Maintenance and Repair","142, 153, 426, 584, 78, 426, 705",2025-01-09 09:23:32
959,Product Designer/Musician,male,161.0,306.0,76932.0,"78, 101, 139, 142, 153, 345, 426, 534, 546, 584, 607, 632, 661, 815, 941","78, 139, 534, 661, 1113, 1115","Budgeting and Saving, Business Networking, Car Enthusiasts, Cryptocurrency, Fashion Design, Fashion Trends, Film and Documentary, Leadership and Mentoring, Movies and TV Shows, Music and Concerts, Music and Instrumental, Personal Finance Management, Personal Styling, Pottery and Ceramics, Real Estate Investment, Work-Life Balance for Parents","78, 101, 139, 142, 153, 345, 426, 534, 546, 584, 607, 632, 661, 815, 941, 78, 139, 534, 661, 1113, 1115",2025-01-27 12:07:39
964,,female,161.0,306.0,76864.0,"78, 142, 153, 426, 543, 546, 584, 650","78, 142, 426, 546","Automotive News and Reviews, Car Restoration, Craftsmanship, Literature and Poetry, Motorsport, Theater and Performing Arts","78, 142, 153, 426, 543, 546, 584, 650, 78, 142, 426, 546",2025-01-30 10:58:41
965,,male,161.0,306.0,77002.0,"78, 426, 546","78, 1145","Cryptocurrency, Fashion Design, Movies and TV Shows, Music and Concerts, Personal Finance Management","78, 426, 546, 78, 1145",2025-01-09 09:23:34
966,,,,,,,"153, 683, 752",,"153, 683, 752",2025-02-05 10:30:58
967,,male,161.0,306.0,153673.0,"78, 142, 426, 584","78, 705","Car Enthusiasts, Film and Documentary, Music and Instrumental","78, 142, 426, 584, 78, 705",2025-01-09 09:23:34
968,,male,101.0,4030.0,134096.0,"78, 142, 426, 584","78, 705","Literature and Poetry, Music and Instrumental, Theater and Performing Arts, Visual Arts","78, 142, 426, 584, 78, 705",2025-01-09 09:23:32
969,,female,39.0,872.0,16259.0,"584, 941",78,"Fashion and Style, Luxury Travel, Minimalism, Personal Finance, Road Trips, Travel Photography","584, 941, 78",2025-01-09 09:23:32
974,,female,161.0,306.0,76932.0,"78, 426, 546","78, 546, 566, 584, 678, 705","Adventure Travel, Animation and VFX, Baking, Beauty Tutorials, Biology and Medicine, Body Positivity, Budget Travel, Budgeting and Saving, Business Networking, Business Strategy and Management, Career Development, Child Development, Cinematography, Coaching and Mentoring, Computers and Laptops, Cooking and Baking, Cultural Travel, Dance, Dating and Relationships, Destination Reviews, Dialects and Regional Languages, DIY and Crafts, DIY Home Decor, Documentary Filmmaking, Dog Owners, Eco-Friendly Living, Educational Courses and Tutorials, Educational Resources for Kids, Entrepreneurship, Environmental Science, Family Activities and Outings, Fashion and Style, Fashion Design, Film and Documentary, Financial Independence, Fitness Challenges, Food Photography, Freelancing, Gaming Consoles and Accessories, Genealogy, Goal Setting, Gourmet Cooking, Haircare, Holistic Health, Home Decor and Interior Design, Industry-Specific Groups (e.g. tech finance), International Cuisine, Investment Strategies, Jewelry Making, Jo","78, 426, 546, 78, 546, 566, 584, 678, 705",2025-01-09 09:23:34
975,,male,161.0,306.0,77002.0,"78, 426, 546",78,"Celebrity News and Gossip, Film and Documentary, Music and Instrumental","78, 426, 546, 78",2025-01-09 09:23:34
976,,male,161.0,289.0,76762.0,"78, 153, 426","78, 705","Film and Documentary, Literature and Poetry, Theater and Performing Arts","78, 153, 426, 78, 705",2025-01-09 09:23:34
978,We are the resistance,male,161.0,316.0,77133.0,"78, 426",78,"Literature and Poetry, Music and Instrumental, Visual Arts","78, 426, 78",2025-01-09 09:23:34
979,,female,101.0,4008.0,133177.0,"78, 1057","78, 584","Child Development, Luxury Travel, New Parents, Work-Life Balance for Parents","78, 1057, 78, 584",2025-01-09 09:23:32
983,devAfo bio,male,161.0,309.0,76752.0,"78, 142, 153, 584",78,"Car Restoration, Electric Vehicles, Motorcycles, Music and Instrumental, Theater and Performing Arts, Visual Arts","78, 142, 153, 584, 78",2025-01-09 09:23:34
995,HeHeHe,male,161.0,316.0,77133.0,"78, 426","78, 705","Cultural Festivals, Literature and Poetry, Visual Arts","78, 426, 78, 705",2025-01-09 09:23:34
996,,female,161.0,306.0,153673.0,"78, 426",78,"Art Exhibitions, Craftsmanship, Film and Documentary","78, 426, 78",2025-01-09 09:23:34
997,,male,161.0,290.0,76791.0,"78, 426",78,"Art Exhibitions, Electric Vehicles, Literature and Poetry, Motorsport, Music and Instrumental, Paper Crafts","78, 426, 78",2025-01-09 09:23:34
998,,male,161.0,306.0,76864.0,"153, 584","78, 546","Cultural Festivals, Theater and Performing Arts, Visual Arts","153, 584, 78, 546",2025-01-09 09:23:34
999,,male,161.0,316.0,77123.0,"78, 426",78,"Art Exhibitions, Electric Vehicles, Off-Roading","78, 426, 78",2025-01-09 09:23:34
1004,,female,161.0,306.0,153684.0,546,"78, 153","Beauty Tutorials, Family Activities and Outings, Fashion Design, Fashion Trends, Haircare, Music and Instrumental, Nail Art, Personal Styling, Skincare and Makeup, Sustainable Fashion","546, 78, 153",2025-01-09 09:23:34
1007,,male,161.0,306.0,76932.0,"78, 426","78, 754","Literature and Poetry, Visual Arts","78, 426, 78, 754",2025-01-31 17:27:19
1012,Hello World!,male,161.0,306.0,153673.0,"78, 142, 426, 546, 584, 650","78, 345, 584, 923, 1113","Art Exhibitions, Film and Documentary, Theater and Performing Arts","78, 142, 426, 546, 584, 650, 78, 345, 584, 923, 1113",2025-01-09 09:23:34
1016,Monday morning talking about me when I'm making money,male,161.0,306.0,153673.0,"607, 743","78, 546","Automotive News and Reviews, Music and Instrumental, Off-Roading, Theater and Performing Arts","607, 743, 78, 546",2025-01-09 13:52:13
1019,,male,101.0,4008.0,133177.0,584,"78, 683","Car Enthusiasts, Food Photography, Independent Filmmaking, Leadership and Mentoring, Literature and Poetry, Upcycling and Recycling","584, 78, 683",2025-01-09 09:23:32
1030,,male,161.0,306.0,76932.0,"78, 142, 546","78, 705, 754","Car Restoration, Electric Vehicles, Visual Arts","78, 142, 546, 78, 705, 754",2025-01-09 09:23:34
1034,,male,161.0,289.0,76861.0,"78, 426, 584",78,"Electric Vehicles, Motorcycles, Theater and Performing Arts","78, 426, 584, 78",2025-01-09 09:23:34
1035,,female,161.0,295.0,77065.0,"78, 426, 584",78,"Craftsmanship, Film and Documentary, Literature and Poetry","78, 426, 584, 78",2025-01-09 09:23:34
1045,,male,161.0,306.0,76864.0,"78, 426","78, 754","Cultural Festivals, Film and Documentary, Visual Arts","78, 426, 78, 754",2025-01-09 09:23:34
1054,,male,161.0,306.0,76857.0,"78, 426, 546",78,"Car Restoration, Music and Instrumental, Off-Roading, Theater and Performing Arts, Visual Arts","78, 426, 546, 78",2025-01-09 09:23:34
1056,,male,161.0,295.0,77001.0,"426, 584",426,"Craftsmanship, Literature and Poetry, Theater and Performing Arts","426, 584, 426",2025-01-09 09:23:34
1057,,male,37.0,3977.0,64936.0,78,"78, 153, 754, 759, 979","Motorsport, Vehicle Maintenance and Repair, Visual Arts","78, 78, 153, 754, 759, 979",2025-01-09 09:23:32
1058,,male,161.0,306.0,153665.0,"78, 142, 426","78, 754","Literature and Poetry, Music and Concerts, Tool and Equipment Reviews, Upcycling and Recycling","78, 142, 426, 78, 754",2025-01-09 09:23:34
1060,,male,161.0,306.0,77002.0,"426, 546","78, 678","Adventure Travel, Business Networking, Business Strategy and Management, Cinematography, Cryptocurrency, Dating and Relationships, Destination Reviews, Gaming Consoles and Accessories, Investment and Venture Capital, Leadership and Mentoring, Luxury Travel, Motorcycles, Music and Concerts, Photography, Software and Apps, Startup Founders, Tech News and Reviews, Travel Photography","426, 546, 78, 678",2025-01-09 09:23:34
1064,,female,161.0,306.0,77002.0,"142, 426, 496, 584, 607, 941",78,"Cultural Travel, Destination Reviews, Travel Tips and Hacks","142, 426, 496, 584, 607, 941, 78",2025-01-09 09:23:34
1065,,male,101.0,4008.0,57628.0,"426, 546, 565, 584","78, 153, 426","Car Enthusiasts, Car Restoration, Electric Vehicles, Investment and Venture Capital, Leadership and Mentoring, Motorcycles, Music and Instrumental, Startup Founders, Theater and Performing Arts, Visual Arts","426, 546, 565, 584, 78, 153, 426",2025-01-09 09:23:32
1069,,male,161.0,316.0,76813.0,"153, 426, 565, 584","78, 142","Film and Documentary, Literature and Poetry, Music and Instrumental","153, 426, 565, 584, 78, 142",2025-01-09 09:23:34
1071,,male,161.0,290.0,76822.0,"142, 426, 584","78, 534","Music and Instrumental, Theater and Performing Arts, Visual Arts","142, 426, 584, 78, 534",2025-01-09 09:23:34
1072,,male,161.0,306.0,76864.0,"426, 546, 650",78,"Craftsmanship, Music and Instrumental, Visual Arts","426, 546, 650, 78",2025-01-09 09:23:34
1073,,male,161.0,293.0,153363.0,"426, 546",78,"Music and Instrumental, Theater and Performing Arts, Visual Arts","426, 546, 78",2025-01-09 09:23:34
1077,,male,161.0,306.0,153662.0,"426, 584",78,"Cultural Festivals, Film and Documentary, Music and Instrumental, Theater and Performing Arts","426, 584, 78",2025-01-09 09:23:34
1078,,male,161.0,316.0,76780.0,"426, 584",78,"Film and Documentary, Literature and Poetry, Music and Instrumental","426, 584, 78",2025-01-09 09:23:34
1079,,male,161.0,291.0,76922.0,"426, 917",78,"Motorcycles, Music and Concerts, Podcast Production, Real Estate Investment, Vehicle Maintenance and Repair, Visual Arts","426, 917, 78",2025-01-09 09:23:34
1080,,male,161.0,290.0,76822.0,"78, 426",78,"Art Exhibitions, Cultural Festivals, Motorcycles","78, 426, 78",2025-01-09 09:23:34
1081,,female,161.0,316.0,76780.0,"78, 426","78, 426","Art Exhibitions, Car Restoration, Electric Vehicles","78, 426, 78, 426",2025-01-09 09:23:34
1082,,male,161.0,306.0,76775.0,"78, 426","78, 426, 705","Art Exhibitions, Car Enthusiasts, Music and Instrumental","78, 426, 78, 426, 705",2025-01-09 09:23:34
1083,,male,161.0,316.0,76820.0,"78, 426",78,"Art Exhibitions, Electric Vehicles, Literature and Poetry","78, 426, 78",2025-01-09 09:23:34
1084,,female,1.0,3871.0,108.0,"78, 260, 344, 607",78,"Book Clubs, Cultural Festivals, DIY Home Decor, Electric Vehicles, Film and Documentary, Landscaping and Gardening, Scrapbooking","78, 260, 344, 607, 78",2025-01-09 09:23:32
1085,,male,161.0,291.0,77021.0,"78, 142, 426",78,"Electric Vehicles, Music and Instrumental, Theater and Performing Arts","78, 142, 426, 78",2025-01-09 09:23:34
1086,,,,,,,"683, 752",,"683, 752",2025-02-05 10:30:58
1096,,male,161.0,306.0,76932.0,"78, 153, 426, 546",78,"Business Strategy and Management, Film and Documentary, Music and Instrumental, Startup Founders, Visual Arts","78, 153, 426, 546, 78",2025-01-09 09:23:34
1104,,male,161.0,306.0,76864.0,"153, 426",78,"Electric Vehicles, Literature and Poetry, Off-Roading","153, 426, 78",2025-01-09 09:23:34
1113,,male,161.0,292.0,76943.0,"88, 427, 959, 1012",78,"Art Exhibitions, Business Strategy and Management, Candle Making, Electric Vehicles, Jewelry Making, Motorsport, Music and Instrumental, Scrapbooking, Textile Arts","88, 427, 959, 1012, 78",2025-01-09 09:23:34
1115,,male,161.0,306.0,77002.0,"78, 142, 426, 959","78, 153","Electric Vehicles, Motorcycles, Music and Instrumental, Vehicle Maintenance and Repair, Visual Arts","78, 142, 426, 959, 78, 153",2025-01-09 09:23:34
1116,,male,161.0,291.0,76922.0,78,"78, 426","Craftsmanship, Film and Documentary, Music and Instrumental","78, 78, 426",2025-01-09 09:23:34
1117,,male,161.0,306.0,77002.0,"78, 426, 584","78, 546","Automotive News and Reviews, Car Restoration, Cultural Festivals, Electric Vehicles, Film and Documentary, Motorsport, Music and Instrumental, Off-Roading, Visual Arts","78, 426, 584, 78, 546",2025-01-09 09:23:34
1122,,male,161.0,289.0,76784.0,"78, 426, 584","78, 153, 754","Craftsmanship, Music and Instrumental, Visual Arts","78, 426, 584, 78, 153, 754",2025-01-09 09:23:34
1134,,male,161.0,308.0,77073.0,546,78,"Business Strategy and Management, Leadership and Mentoring, Literature and Poetry","546, 78",2025-01-09 09:23:34
1135,,female,161.0,290.0,76822.0,78,"78, 153, 754","Art Exhibitions, Car Restoration, Furniture Making, Music and Instrumental, Off-Roading","78, 78, 153, 754",2025-01-09 09:23:34
1137,,female,161.0,295.0,76899.0,426,78,"Automotive News and Reviews, Car Restoration, Electric Vehicles, Motorsport","426, 78",2025-01-09 09:23:34
1139,,male,161.0,306.0,76932.0,"78, 426, 546, 584",78,"Cultural Festivals, Literature and Poetry, Music and Instrumental","78, 426, 546, 584, 78",2025-01-09 09:23:34
1145,,male,161.0,306.0,153669.0,"78, 732, 965",78,"Climate Change Action, Green Building, Renewable Energy, Zero Waste Lifestyle","78, 732, 965, 78",2025-01-09 09:23:34
1147,,,,,,,"153, 546, 683",,"153, 546, 683",2025-02-05 10:30:58
1151,hsajhsjas,male,161.0,292.0,77107.0,"78, 426",78,"Literature and Poetry, Music and Instrumental, Visual Arts","78, 426, 78",2025-01-09 09:23:34
1160,,male,161.0,306.0,153673.0,142,,"Car Enthusiasts, Music and Concerts, Music and Instrumental",142,2025-01-20 11:36:52
1556,Dan Da Dan,male,161.0,306.0,77002.0,"78, 424, 426",78,"Literature and Poetry, Music and Instrumental, Visual Arts","78, 424, 426, 78",2025-01-09 09:23:34
1557,,male,161.0,293.0,76749.0,685,78,"Art Exhibitions, Film and Documentary, Literature and Poetry, Visual Arts","685, 78",2025-01-09 09:23:34
1563,,male,161.0,306.0,76789.0,78,,"Art Exhibitions, Music and Instrumental, Theater and Performing Arts",78,2025-01-09 09:23:34
1569,,male,161.0,306.0,77002.0,"78, 584",78,"Gaming, Movies and TV Shows, Software Engineering","78, 584, 78",2025-01-16 11:35:37
1583,,,,,,,78,,78,2025-01-09 09:23:32
1586,,male,161.0,296.0,76919.0,"78, 426",,"Business Networking, Marketing and Sales, Startup Founders","78, 426",2025-01-10 12:00:04
1587,,female,161.0,293.0,153362.0,"78, 426",,"Film and Documentary, Literature and Poetry, Music and Instrumental","78, 426",2025-01-20 21:15:14
1589,,male,161.0,306.0,153678.0,"78, 426",,"Film and Documentary, Literature and Poetry, Music and Instrumental","78, 426",2025-01-16 00:13:25
1592,"""Modi"" redirects here. For other uses, see Modi (disambiguation).
Narendra Modi

Official portrait, 2023
Prime Minister of India
Incumbent
Assumed office
26 May 2014
President	Pranab Mukherjee
Ram Nath Kovind
Droupadi Murmu
Vice President	Mohammad Hamid Ansari
Venkaiah Naidu
Jagdeep Dhankhar
Preceded by	Manmohan Singh
Additional ministries
Leader of the House, Lok Sabha
Incumbent
Assumed office
26 May 2014
Deputy	Gopinath Munde
Sushma Swaraj
Rajnath Singh
Nitin Gadkari
Speaker	Sumitra Mahajan
Om Birla
Preceded by	Sushilkumar Shinde
Member of Parliament, Lok Sabha
Incumbent
Assumed office
5 June 2014
Preceded by	Murli Manohar Joshi
Constituency	Varanasi, Uttar Pradesh
Chief Minister of Gujarat
In office
7 October 2001 â€“ 22 May 2014
Governor	
Sunder Singh Bhandari
Kailashpati Mishra
Balram Jakhar
Nawal Kishore Sharma
S. C. Jamir
Kamla Beniwal
Preceded by	Keshubhai Patel
Succeeded by	Anandiben Patel
Member of Gujarat Legislative Assembly
In office
15 December 2002 â€“ 16 May 2014
Preceded by	Kamlesh Patel
Succeeded by	Suresh Patel
Constituency	Maninagar
In office
24 February 2002 â€“ 19 July 2002
Preceded by	Vajubhai Vala
Succeeded by	Vajubhai Vala
Constituency	Rajkot II
General Secretary (Organisation) of the Bharatiya Janata Party
In office
5 January 1998[1] â€“ 7 October 2001
Preceded by	Kushabhau Thakre
Succeeded by	Sanjay Joshi
Personal details
Born	Narendra Damodardas Modi
17 September 1950 (age 74)
Vadnagar, Bombay State, India
(present-day Gujarat)
Political party	Bharatiya Janata Party
Spouse	Jashodaben Modi
â€‹
â€‹(m. 1968; sep. 1971)â€‹[2]
Residence	7, Lok Kalyan Marg, New Delhi
Alma mater	
Delhi University (BA)
Gujarat University (MA)
Awards	List of awards and honours
Signature	
Website	
Personal
PM India official
Narendra Modi's voice
Duration: 28 minutes and 59 seconds.28:59
Narendra Modi on the COVID-19 pandemic
Recorded 19 March 2020
	
This article is part of
a series about
Narendra Modi
Prime Minister of India
Incumbent
Electoral historyPublic imageAwards and honoursBibliography
Chief Ministership

Chief Minister of Gujarat
200220072012Gujarat Council of Ministers FirstSecondThirdFourth
Premiership
(Timeline)

2014 Prime ministerial candidacyAssassination attemptCampaignAchhe Din Aane Waale Hain2019 CampaignMain Bhi Chowkidar2024 CampaignAbki Baar 400 PaarOath of office 201420192024Union Council of Ministers FirstSecond ReshuffleThirdLok Sabha SixteenthSeventeenthEighteenthMann Ki BaatInternational tripsApproval ratings
Budgets

Union budgets 201420152016201720182019 (Interim)201920202021202220232024 (Interim)2024Railway budgets 201420152016
National policy
Foreign policy
Controversies

2002 Gujarat riots2016 banknote demonetisationGoBackModiRafale deal controversyPegasus Project revelationsRepeal of Article 370Citizenship Amendment Act protestsCOVID-19 lockdown in India2020â€“2021 Chinaâ€“India skirmishes2020â€“2021 Indian farmers' protest2020 Delhi riots2021 Bangladesh anti-Modi protests2024 Indian farmers' protest


 Media related to Narendra Modi at Wikimedia Commons
vte
Narendra Damodardas Modi[a] (born 17 September 1950)[b] is an Indian politician who has been serving as the prime minister of India since 2014. Modi was the chief minister of Gujarat from 2001 to 2014 and is the member of parliament (MP) for Varanasi. He is a member of the Bharatiya Janata Party (BJP) and of the Rashtriya Swayamsevak Sangh (RSS), a right-wing Hindu nationalist paramilitary volunteer organisation. He is the longest-serving prime minister outside the Indian National Congress.[4]

Modi was born and raised in Vadnagar in northeastern Gujarat, where he completed his secondary education. He was introduced to the RSS at the age of eight. At the age of 18, he was married to Jashodaben Modi, whom he abandoned soon after, only publicly acknowledging her four decades later when legally required to do so. Modi became a full-time worker for the RSS in Gujarat in 1971. The RSS assigned him to the BJP in 1985 and he rose through the party hierarchy, becoming general secretary in 1998.[c] In 2001, Modi was appointed Chief Minister of Gujarat and elected to the legislative assembly soon after. His administration is considered complicit in the 2002 Gujarat riots,[d] and has been criticised for its management of the crisis. According to official records, a little over 1,000 people were killed, three-quarters of whom were Muslim; independent sources estimated 2,000 deaths, mostly Muslim.[13] A Special Investigation Team appointed by the Supreme Court of India in 2012 found no evidence to initiate prosecution proceedings against him.[e] While his policies as chief minister were credited for encouraging economic growth, his administration was criticised for failing to significantly improve health, poverty and education indices in the state.[f]

In the 2014 Indian general election, Modi led the BJP to a parliamentary majority, the first for a party since 1984. His administration increased direct foreign investment, and reduced spending on healthcare, education, and social-welfare programmes. Modi began a high-profile sanitation campaign, and weakened or abolished environmental and labour laws. His demonetisation of banknotes in 2016 and introduction of the Goods and Services Tax in 2017 sparked controversy. Modi's administration launched the 2019 Balakot airstrike against an alleged terrorist training camp in Pakistan. The airstrike failed,[16][17] but the action had nationalist appeal.[18] Modi's party won the 2019 general election which followed.[19] In its second term, his administration revoked the special status of Jammu and Kashmir,[20][21] and introduced the Citizenship Amendment Act, prompting widespread protests, and spurring the 2020 Delhi riots in which Muslims were brutalised and killed by Hindu mobs.[22][23][24] Three controversial farm laws led to sit-ins by farmers across the country, eventually causing their formal repeal. Modi oversaw India's response to the COVID-19 pandemic, during which, according to the World Health Organization's estimates, 4.7 million Indians died.[25][26] In the 2024 general election, Modi's party lost its majority in the lower house of Parliament and formed a government leading the National Democratic Alliance coalition.[27][28]

Under Modi's tenure, India has experienced democratic backsliding, or the weakening of democratic institutions, individual rights, and freedom of expression.[29][30][g] As prime minister, he has received consistently high approval ratings.[36][37][38] Modi has been described as engineering a political realignment towards right-wing politics. He remains a controversial figure domestically and internationally, over his Hindu nationalist beliefs and handling of the Gujarat riots, which have been cited as evidence of a majoritarian and exclusionary social agenda.[h]",male,101.0,4030.0,132834.0,"78, 142, 426, 584",,"Car Enthusiasts, Cooking and Baking, Fiction Writing, Gardening, Gourmet Cooking, Historical Events, Independent Filmmaking, Literature and Poetry, Mental Health Awareness, Nutrition and Diet, Pottery and Ceramics, Skincare and Makeup","78, 142, 426, 584",2025-01-20 04:59:17
1611,,male,82.0,3015.0,23596.0,"426, 584",,"Car Enthusiasts, Fiction Writing, Gourmet Cooking, Historical Events, Home Renovation, Literature and Poetry, Mind-Body Connection, Movies and TV Shows, Parenting, Stock Market","426, 584",2025-01-20 07:24:21
1618,,male,161.0,316.0,76780.0,"78, 142",,"Art Exhibitions, Music and Instrumental, Visual Arts","78, 142",2025-01-23 13:29:40
1636,,male,101.0,4008.0,133024.0,"426, 584, 726",,"Literature and Poetry, Mobile App Development, Startup Founders, Textile Arts, Web Development","426, 584, 726",2025-01-23 12:14:32
1639,,male,161.0,294.0,76965.0,"78, 426",,"Literature and Poetry, Music and Instrumental, Theater and Performing Arts","78, 426",2025-02-05 08:49:38
1642,,male,161.0,316.0,77099.0,"78, 426",,"Literature and Poetry, Music and Instrumental, Visual Arts","78, 426",2025-01-23 12:01:07
1646,,male,161.0,293.0,153364.0,"78, 426, 584",,"Art Exhibitions, Cultural Festivals, Literature and Poetry","78, 426, 584",2025-01-23 10:56:10
1649,,male,161.0,290.0,76798.0,"78, 426",,"Craftsmanship, Literature and Poetry, Theater and Performing Arts","78, 426",2025-01-23 11:15:23
1664,,female,161.0,296.0,76984.0,546,,"Cultural Festivals, Music and Instrumental, Visual Arts",546,2025-01-23 23:17:39
1670,,male,161.0,288.0,76902.0,78,,"Art Exhibitions, Craftsmanship, Music and Instrumental, Theater and Performing Arts, Visual Arts",78,2025-01-24 03:40:06
1695,Help....,male,161.0,306.0,76932.0,"426, 584",,"Car Enthusiasts, Electric Vehicles, Music and Instrumental, Visual Arts","426, 584",2025-02-05 10:05:49
1699,Help....,male,161.0,291.0,77021.0,426,,"Art Exhibitions, Music and Instrumental, Visual Arts",426,2025-01-30 09:48:52
1705,,male,161.0,306.0,153663.0,"78, 546, 607",,"Business Networking, Cybersecurity, Data Science and Machine Learning, E-commerce, Mobile App Development, Programming Languages, Small Business Owners, Web Development","78, 546, 607",2025-01-30 11:23:07
